uid,is_noisy
32e9d51d-8a22-4f97-9955-8f9647a7f13c,0
a7c9faf9-a7e2-4687-a57b-ac0558ccee8b,1
0baccef4-de79-4f71-b7ec-c77cc2ab9e50,0
81fe9a13-d0fe-43ad-8185-c59ea6117cce,0
92e3b890-c9ab-4e9c-a63b-ad42de92e5a2,1
47d08f6c-297d-4173-ad0a-9bf7e024101e,1
09fa5bf3-9570-454d-a3a5-6f8167a12dfb,0
527ebcf3-0f40-4b22-99bc-f2be23711eff,0
2b616950-0602-4dda-9985-c70d57993b62,0
ee2bf97d-b3c2-41d4-aab1-ed05d0b53932,0
28557544-1c57-4e8a-8162-4fd0d2f82af4,0
e65cc1a2-a47d-47a3-804c-97c95da74bc5,0
453b2b12-c1f1-461d-ab9a-366dafc8d745,1
d7c377c1-5440-49b6-b222-720d7a0c98c2,0
47ab2e44-8f9b-4ac7-bd98-7a1612bde994,0
f2297751-636e-41a5-9561-8f66df34ea23,1
1bddb226-7536-4565-b951-6fc339cd1a36,0
f7cdb229-c28d-4326-a45a-6773fea6534d,1
c776dc0b-deb2-4d96-bc4a-8aee0d4296ed,0
a85b2a7a-ba64-4990-bd9b-60c58b0b7a27,0
cb9ce199-3f32-4444-a778-8950488cbbf1,0
545885c1-6fcb-4089-8d31-8b563ff24ad8,0
84f03f17-77cf-4f16-8167-abfed32176f3,0
be9d429a-78e6-41bb-a4db-927070bed205,0
9d01b20f-8ced-490c-af67-6e6ddf1cd268,1
5c0be23f-0a52-456d-8590-94a1dfa3aea2,1
9e086eed-72e8-4287-9dce-ea27ef56f43a,1
31da28d5-c70c-4366-8a60-adf3d418948d,1
ea799ee5-70f9-4063-9ff4-88cfb37547dc,0
7fb965c5-d451-49e5-964e-2b1fef49f7d2,0
2be44831-b6e8-43ee-a18e-dced728b48a1,1
9c9eeb25-6ea2-4268-9431-42eb479ca7a7,1
7d538eb9-8600-4794-910d-af905901d4d7,1
7373655d-915d-4ccf-8077-de66628aa9c7,1
c74fed3e-5254-403b-8524-b27828efe058,0
a53d4f1e-ed80-4979-8fc6-0ba6c39fcda1,0
f1b73ca6-0d40-49e4-b643-ba1e238f737f,1
1dbca22a-3b66-4765-93db-21f3899883e6,0
bbb46c68-2003-49a8-bec9-72ee5a645824,0
dd69a39a-214f-4c77-84d3-9cb6a2e6ab68,0
1883208b-23d8-493a-a64c-80c1f472edc6,1
ec1c0bda-0626-4dbd-8cca-7d29cc26c0ae,0
5bb9d1fb-645b-4e3a-ad40-ecec4f6de2f2,1
4d7d5643-0d57-4b77-ab3c-6339e1e3a8b3,0
7d469589-3462-4f78-b4fb-96a38eaa584d,0
b9a8782c-53e4-4e47-ae5d-ffcdfdda7db9,0
7766bfce-8ff7-48cd-a6b7-f8ee4e912826,0
11e51212-ea09-4f62-b1cf-28adcc49cd03,1
d4d69066-32d0-4052-a927-224be482c227,0
6c498908-1024-4d20-9b94-badd5dd4ba72,1
0bee3aea-21bf-4587-80d3-748a7d195400,0
c246e1a0-2bf5-4255-945a-2a1e7bb7b7b2,0
59d86f9a-1a9e-40b5-bb9c-b2e8300212e5,0
2f746029-3307-40e6-923a-4e8e194515b9,1
7cf216be-6f2e-4655-8c8e-08e899ced889,0
cb5f9d26-778b-4420-8c4d-c62b9cf0654f,0
b9fa80c7-1796-4655-b9a5-d60ab89444fc,1
cb7342c9-d92c-442d-a7ba-8e2f452a8336,0
90ee6705-08ad-4a3d-8c97-3cb2f1ffc28f,0
535619f2-c5d0-4f19-aa57-66a0f77b8a8f,0
c14a4cb7-fe1d-4e27-9c85-56bd4128b91b,1
b613c7b7-afeb-47a9-b7e3-7bb9a50b9420,0
59477598-ff50-45eb-8043-b36bfb83ef56,1
31f257a0-c141-42a9-940d-d0c4c369bfec,0
20a6e1b4-c182-4c67-bd54-b7454608cf94,0
10cff675-da1c-48b7-bff5-5ecdc3bedfc6,1
456d117f-90c3-4337-8bba-b477c3f3fab3,1
d92e8d4b-df0b-4ebc-b3d5-f103df0cdb3d,1
f4144cae-7f40-4e90-89d4-0322bbc0ca59,1
f27b0034-733e-4d9f-ad8e-aba878efebe4,0
fed32c45-7406-496d-8967-b24ddf5ad74e,0
2e5146fe-4f47-4c2b-9938-37cd00e3b35e,0
5f52b071-3f27-4873-80b5-0cded2a5d7a8,0
caea58a6-2e20-4575-b991-5ddf8f06c045,1
c5ca0606-dcc6-4bec-8120-a08c6e349256,1
4c3bd2ca-f98e-445c-8162-961f92c58bf2,0
08b83d79-feec-4cb6-9b90-4146a698150d,0
5ccf018b-f5a8-49ab-8830-9e8d5200b9e0,1
63bf0d15-d429-4412-a262-3685a2680ef8,1
d92f3dbe-fe9d-483c-8903-020edd8dbf09,0
a4f32a47-6f8b-4299-acf5-38d70c523ef3,0
c8bd30c6-9896-44f2-a412-689bf0a24553,0
b05e0f4d-29fa-4cba-bd31-ecf030b85f51,0
734614de-9afb-4c92-b745-9075dd3594df,0
a4409a73-3b23-4912-b3f7-879ee2e26a3d,0
2f3cdaa2-a20a-4442-bd40-0f27e6204e69,1
09fd5ac0-1aea-4704-865d-c576c294d6dc,0
af91ef91-ea1b-4345-bc49-383ee9d8b1cd,0
0ef43bc9-fec3-43f3-a383-4231593fd761,0
e86ad644-927c-4816-ae9f-359e06fb7663,1
405f0e89-c6c8-46b3-b427-71b3dd982e2a,0
1db0aca7-0b19-4c7a-a28b-43619b42ac4c,1
7212a638-159f-49f4-a8b4-de1ad87cff37,0
39a02525-33bb-47fa-9e7e-81c60a721298,0
71697336-082a-4296-8ced-0ab34aa711e0,0
289e9f64-0dce-4eec-b72a-604bd45b4f1c,0
33dd7e89-cf67-454e-ba89-7cbc0ce161fb,1
2a1a2a98-f56f-46e3-8a27-bf94f1e81fa8,0
5ff5fce1-d8b1-4a08-91a5-2724e09cc88b,0
27756eed-9cc2-42e5-ac0a-c4dca9c80a4d,1
7ac9ad82-b6cd-4980-bea4-148a0ca0a1d3,1
6ecd85a6-2973-4f45-9dee-6a612b0142ad,1
ddb34f19-4c3d-423f-941c-92a93dd86d38,0
1d5f1697-f878-46a0-9d1e-5536e872cb64,0
3a55c0e5-ebeb-4469-aaf6-ae9e70bb0be7,1
c84250ca-0e7e-4732-a91e-e71abcba8429,0
ff25ec7a-375f-451e-903b-7169db6d87cb,0
a17f690d-46bc-4a88-9d0a-990ff096e31d,0
be06d88f-a986-4c2c-9145-941be718c6e7,1
7fa61bfb-7f4f-4a0b-ad22-291604c1e4f0,1
377bc1f7-7833-4069-a014-e644d60efdbd,0
b8904c32-80f7-4c05-aaf5-f1fa753ad5ca,0
d594cff7-c799-48e0-b19e-06fc9ba79fa4,0
513e86fc-17a5-4ffd-88cc-b9549a0f1631,0
15349df0-011a-4be8-9c67-e97ff05a10d3,1
4759b3bb-ff89-4a9b-903f-55ed1d0f4e59,0
11913201-8591-471d-97ce-78c30c9ada28,1
517ade40-ed77-42ed-8ee0-4078ba59cc62,0
53d4e11e-d9fc-4524-9a7f-68e3f04dd056,0
f5cc8a5c-0576-4baf-a355-443abf18cfc9,0
7218a49d-cbea-4f47-88ec-c39be25c5c77,1
c4449974-ef76-4585-82a1-b3db4ee96d6f,0
fe805bbe-192d-4194-b0a7-3181dfe93083,0
b1b5a4ec-e3e5-4bea-8cf0-d35ed59538d7,0
d7312ff2-5e55-478d-9679-1c05a8278843,0
3f0689f7-8e48-47cf-8a65-3301524310f2,0
34f42c27-724d-4f57-a228-a94a6c393cf0,0
b8e51eb5-4044-42a1-9413-f6c34694966a,1
55883e98-ccef-436b-a39e-ceea5d51f137,1
dc0ca9e5-6586-4bb5-84ff-5e589e25af79,1
15b58f2e-1e64-406b-a8bd-1c07b8ce712d,0
0c8e4902-e5d3-4240-a6ae-0d33e62db40b,0
6d94da21-bef4-448f-8153-132e4dca86f8,0
525673fa-87a8-46cf-880d-31c96c56cd5c,0
1434a1a7-6579-41a3-ab30-5d2a8de4c695,0
09787127-ccf9-497f-8f9d-dc751fc0eae6,0
5eca3d78-7bb2-414b-bd84-54c1ee5b45ba,0
8fcda88f-8a56-4ffd-af73-bf493f2a3bc8,1
9cbf61cd-ebb9-4c16-a9fa-28cb1248f987,0
33fc946d-abff-45ce-87f5-2f2d14749f11,1
860eeda8-34c2-47e2-a994-3a9273d1e923,0
dd3e15f3-e947-4d91-bada-51ae1728aa6c,1
d55fa6ff-58d3-4699-8c8d-4fc61f5af625,0
7fcb18fe-1e15-4b92-886e-a94c97ab7583,1
4a575f48-e175-4dde-975b-c7dc7ee43ddb,0
114b111c-1741-4c3e-82b0-dc39305391bf,0
d3260551-9e9e-4216-98b0-c1a0d2b36c1b,1
3681cfac-d045-4c16-bc8d-e7a38f42f36a,0
111f0dfb-3c16-4e13-bb2e-910f42ff33f9,0
9c14e438-5ae4-43ad-bc09-695358385382,0
3314ac10-edd1-4f93-8daa-ff014f3047f7,1
b1fb5655-b340-4721-aa97-2135e93c1740,1
614fd134-ae95-4c9f-a762-4d0a91febb09,0
75e69a46-5a3c-46af-b8bb-2f864e8cd94e,1
52387877-f8d3-4d5a-9e80-8b8db2a95cd0,1
9feea065-2c77-4de6-a497-95782dac6f08,0
ada50bf8-d3dc-469b-925c-4747330da3f1,0
ecf62ead-392d-4c0b-95a5-4450e6246f88,1
ecff99c1-a8e2-4530-afd2-990fac0de8a3,1
940ee56a-2fc7-4269-a160-a18444d9b43f,1
cb4fcf3a-a60f-4a6a-b190-490a226046b3,1
89cddcb5-6acb-4b11-a889-ccee61664293,0
ba16e8d6-7717-49b1-b8ee-5978c839cf92,0
310b398e-2f57-4b86-bbee-e2afabf3657e,0
b5c05004-99a3-4a95-907b-51a84888b22f,0
cd4955f6-471c-4ce0-9edf-1d0f3399b676,0
b42023da-9468-45e5-8430-25aafb7c3849,0
baed724f-e207-4558-b7be-5a104a9c8962,1
981bc272-297d-4e27-bcac-ba063490c015,1
342ac9d2-57ea-4afa-a77e-25e3a8fbb908,0
119ef24d-1686-48b6-8e05-5af6f4111103,0
c7d906a4-0959-4b2f-8c15-b94b9d3c6cab,0
475a27c7-6e2e-4836-aee2-f642c43fee91,0
a0665685-b0f2-4ef1-8b7b-828f1586002b,0
2ad11e45-f44a-4b38-a120-d79a90173c92,0
cc787fea-0887-4cfd-93a9-f7fcdd65a1dc,1
290c894a-24f3-45ac-85a2-4c4d0b1d5251,1
1a75b12c-896c-4b36-a3ac-d7451b23b229,0
322e4089-8d2b-44db-86c4-40a822f8c96b,0
5dff1f6b-762a-4898-bb1c-78f83978409e,0
ca45e4cd-67f4-47ab-82b1-7562fbb6f0b3,1
97007da3-b8d2-47a4-9061-f09386e16020,1
2a5a932e-0773-4039-a3d3-3ebe21e45ec3,0
3d33bd87-20b3-4c3f-91e9-813f7a6877ee,0
4d038ccc-d5ac-40e0-aa01-142cf6057dce,0
cc631ef1-58b4-4bca-b26b-e96c4cec3905,0
d6f0a545-3393-48a9-9c9c-05d56c98db9f,0
246650e5-6c84-4170-b71e-a9a387c6bab5,0
5dcaaf3c-d563-4eb0-90f4-ac33f716aa23,0
818a5355-628f-4339-b427-587bd70e9970,0
6a4954cc-b3de-4007-a812-1aa9d680b2de,1
c342ab51-e74d-43e6-a8a7-0e2015d60370,0
aaa9698b-77a3-49c9-88ff-9004933fba1d,1
d536c77a-ffca-4cfd-8627-3c760b3e9c83,0
6f36bd39-395a-4dc0-9330-72361d1a7b0d,1
df44d5b9-7744-45bd-9406-27b12387b78d,0
75fbf15b-48b4-4f0e-b01f-3e94d447ea74,0
ce8c4f36-0026-49d8-a48b-a03f0b9473a6,0
fdd17498-4159-4912-b9be-2bd2bda6fe1f,0
4c703ac9-240e-4b0e-a98d-dadf141942cb,1
6e5a818b-df7f-4607-b291-c86766d86c16,0
55ff9c47-b79c-4ba0-a1ee-dd83fa503dcf,0
9c529ea6-eb5e-4f32-93e0-b66decbc48f6,1
8662fcc1-f56c-4f19-bf36-f01143d8d0bf,1
a100fd08-fb40-4388-9e82-e809869ffa67,1
1df5b28d-3f0e-40d0-8f4c-cd6aedb35357,1
8cf2d1a9-0510-4913-919a-55beb274c014,1
5f04f798-809d-440d-af66-68d04b5bd61c,1
49608eca-a4a5-4e9f-991c-709a058a3fc3,0
cff5d97d-c804-4f0e-a522-5b225c53ac6d,1
218a113f-f458-46a7-81e2-8edd5b8114ff,1
893ac5b0-beeb-4c91-bcf0-51004faa0977,0
d12cc15f-b189-452f-8664-4d58d0ef840c,1
b7945968-eff2-4700-9393-ba8be790ba88,0
3397c622-0a9e-4b61-8223-8fe1f061421d,1
9aeb949f-0ce6-44aa-9385-0edb795c1a1d,0
8e6c03ba-aaab-4592-b7f0-399404a006fa,0
992d3e63-8161-4cab-94dd-8534c7b358df,1
9db546b7-ee50-4f27-9333-627b41bdcdd0,0
69db53f5-bce6-478a-b0ef-e53011f2ff6e,1
e2fdec51-433c-4ff8-a8b8-b2331b61a1fc,1
eb223a47-c48a-46f0-900f-29c29a418133,1
8ebc408e-1098-42dd-a168-afbd2474d530,1
5e8daaaa-6bae-43b3-a60a-f97f0b8bcb6c,1
b577a9e9-84b4-458f-973e-4c803d409fb0,0
b7faca64-d988-42fc-a399-ef003f05bc7f,0
a0e253e9-7642-425e-a1b1-30e37f8427c6,0
04d563f7-ddfa-46e4-820e-65f973e0cc9e,1
8f03006f-fa89-47fc-b22d-a47b12036fd1,1
2658fd71-b7ae-4b3a-be08-afff8bf415d2,0
4e34403e-6bae-4e2c-8d82-17709f3c1061,1
a309a532-70d3-46fa-b1d7-49161afba134,0
8bae4550-bc44-47c7-af44-3acb65675489,0
a6f0d0f2-f373-44df-82fd-3bc4fea92639,1
77fddabe-1739-43c7-9d04-d4e353bb33db,1
22d22590-0c88-4269-abf5-88c51c26c366,0
f43fb870-d854-4459-8cc4-b67c536f8759,1
63bb3215-2039-43e1-a770-a57d425b5285,0
96233ec3-5e3a-469f-8395-20fd17e5c459,0
51cecefe-5c47-438e-8c81-05653bc08be1,0
3156a779-ed56-4c34-94af-dd8797d71043,0
9ae8ec00-02ed-4287-9b1a-1eef5ba025aa,0
91380b01-bfe3-42b4-bfc8-842a05cf5666,0
47911182-a614-43a0-b5a3-380ded7bd381,0
58ba2e8b-081c-4a31-92df-4074627e95d5,1
0b1f9f61-4ecd-4bdb-a72f-a3919bf1391d,0
6dc50460-956d-4adf-b186-de29782e72ea,0
6c268862-46cd-4350-88fe-acce5767aa6f,1
5502b163-af89-4e09-a844-3a57bd0599f4,0
818cb3fc-f489-45c5-8448-3d66aebf848e,0
d91cfc6a-c753-4e25-82d8-3121f7ed1f77,0
ddd9034b-aeba-4138-86dc-cfb341fd7f8b,0
421a126c-bcee-4472-9695-1aa0dd2b14aa,0
319086f3-6e81-40c4-a42f-df9f5b6d3a37,1
3c6ab6b5-6a2c-462e-baa5-f869c9fc96b0,1
f9229f11-331b-4a57-a404-1cd504161245,1
5448fa30-6555-4e0a-87e4-62f0ffbe31aa,0
005616c3-98ec-40a2-bece-3785aa8c6eaf,0
c8db43aa-bb7f-4ff3-858d-ee16fa67ec53,0
5fd0d711-f14c-4381-b560-07023ae2d60d,0
ff2f595f-081c-4fbb-9265-69386d981cf3,1
d35d2714-ee1e-49d8-9ce0-16518ab68b30,0
a8779d97-2225-474f-a8e7-4c94f2eee130,1
ca3afae6-8187-4830-8b66-ed93e82de2d6,0
edba9255-29f6-4274-a97c-d4240b9faa04,1
24d02aae-bd21-4384-9e37-185d492402c3,0
6471512f-4ede-4cbf-b91c-04f9d0a605c8,1
8a319619-ef67-4e08-9e0f-d081e5b3fb8a,1
aff3222d-ec20-4ee2-88aa-9cb9e69238f1,1
3262556c-fcb2-4f1a-8305-52ada91459c9,0
733faa43-c9c5-4a6a-bcde-80f028c41c64,1
70c1c8cb-0b2f-4761-bec7-9c5fd7540e42,0
a72a8d8b-a8b9-4b12-847e-168c8be4829d,0
8ac1a742-64da-4672-914d-697f3dbfc5cd,0
9b062d3b-e28b-4e75-8b6d-46fd4e4e204c,1
fe402ea4-5e0c-47fb-8c17-3a3ace8c02cb,1
2949eba5-46c5-4d4e-9e90-fc730340d628,0
b4fa1d43-7d79-4976-8aa0-f0ae2dd1d13f,1
7dde70c8-ba4d-4e87-96fd-2bde853b8c50,0
8fe02763-1d53-41ec-b969-ee54bd53c953,0
e9987b4a-183a-436b-8afd-1f129716b790,1
174a8b9c-8fba-401a-aff6-578d72a2d322,0
956f6664-9506-4dbe-ae14-f4c250adc1e5,0
1872ff26-d632-4c8e-9434-191f4babac29,0
c395c713-3748-41c7-bce7-9c74f8c9bf04,1
ad5e875b-2843-449f-afe5-853040210327,0
291a85ac-367b-4081-8127-c553f57e8d68,0
da4a11c8-4826-444c-8616-535dd81a33ef,0
727aedd8-713b-4c32-b707-65b544ad5360,1
54f6e4b7-f27a-4b77-b38d-e0faf98611d9,0
9eaf6040-d701-470d-8bef-a50c95e23e4a,0
41a7b850-4b61-429a-bb54-dc15937ad8d8,0
92b4455b-6d64-4e5c-8842-f5587b052467,1
1097ae4b-8d67-4880-aa88-41a2642dbc49,1
ae945f22-118d-4476-a753-e2455672c28e,0
963d7526-3af7-4aa7-a224-f09d54f48444,0
0ed0ac53-5063-4b57-aae5-92140dab2978,1
14024f85-f63c-4afb-850a-dfe617f289b5,0
4257a2f5-e5d1-4f86-9de1-fed5b7c7f796,0
8cec81d7-9b59-415a-a7df-7fbb052e7e02,0
d3d8c1b7-3bf7-4093-aa9a-e89cf3cb5b98,0
9d147066-6665-414e-9873-09f650f7d961,0
4842f1ea-9277-4d09-91ed-f0be9526459a,0
d9f1f56e-542b-459f-ab12-d6b72334fac4,1
a92d8325-0ceb-45c8-854d-af8f7e384a18,1
02e114eb-12ca-4781-ac1b-e951c6b81b9d,1
977dffd7-0dac-4778-bf62-b047ca298248,0
c12adea8-24ab-4fe1-9db1-2c87a8711204,1
5a5d68ee-da29-41bd-8a0d-ef34bb480b01,0
8d5a96c9-c60c-4c74-a01c-4bb11d7c75ef,0
9b703be9-c32e-4ebf-84f2-33b799f5969f,0
1315bc7e-ae01-4f60-a5a2-53cd6abde90c,1
f3b11f58-157a-4136-bce7-98719865b2ad,0
4f85d720-cf10-4229-90b9-06e33331cb4f,1
fe223c63-1140-4ec9-a275-7117d3dd1ba6,1
e4b3a155-9068-4ca6-828f-297c1694d419,0
30fb925d-9b1d-4870-8393-8cee4194c74b,0
a1e4661e-7ee3-4ff5-91ed-8b4cea1910b1,0
23ca6455-c607-4b67-b2d2-edf66e38af5a,0
00737daa-22cd-4a7c-94a9-fd4c3bd8a9a6,0
0b6dc5cd-3c18-429d-bfe7-ad3a455f6718,0
f587dcb3-0c83-419d-9078-4afddc80013a,0
e244b070-3abf-4fb0-bf45-b63feb45add7,0
395d01d4-f3b2-462c-a3a1-a0bf373a9709,1
85be3043-3ec9-4d3e-9503-ef34963ab4a6,0
ac96b69a-97f1-43ba-a035-927c7faae679,0
3590e325-4ffa-43ff-92d5-b4e9a3c74fad,1
72d5a0fb-5148-4226-985d-18632b020fe0,0
3878ecf2-9d7d-4b56-9c61-2052e60fe996,0
aca002b9-f06c-40fb-a556-4019cf5eb612,1
94b029e4-4041-4f06-bdb2-b2e6b00304a5,1
b7c0ecfe-3661-4d9d-9288-6a6123f18c8a,0
272934e1-e5f4-4f5b-b081-1fdeff63449e,0
0aca0eaf-8b07-4636-aeff-a002a880fe36,1
916f2ba0-3ed2-47c9-90bb-98648cc1adc6,0
49aa573e-e58f-4df8-9a5d-4b600109173e,1
61c641c2-c32b-4a3f-9bce-282f88acb45f,0
36cdfb91-2f06-4764-a647-54e37548ad72,1
297bd7eb-29d0-4771-a7cc-7ea40e93d04d,1
9eadb17c-76c2-45f2-a794-2786a145c7a4,0
f5b118c3-587e-4e2b-a096-320e1f7c71be,0
89929c83-247a-4429-9911-308034a6a54a,0
355b1d90-a635-458e-b7d7-995b9b7897e3,0
5c1b9ae7-dfb2-43c0-bea2-db1f80ae92b9,1
55383320-8475-4611-92c4-1436facb4fd0,1
cad0333e-5cf8-41dc-bbea-b9cd51d0a99d,0
d5b30065-e2fc-465e-93ae-05dd34aa743b,0
953f6903-8c73-4745-9ed8-e0f2fc427fe8,0
67250c08-6b8e-4be5-ab24-73f7620475e2,1
a1f5c10e-60b0-47a5-871c-a1a8f613e8ef,0
ae6fa82e-5457-49af-828b-5cece79f5f72,0
e06712db-cf26-4191-a4e2-72928c222b5a,1
d4df6f1d-cead-42c2-9c6d-4e8a2ff186d6,1
4e5f706b-4f4a-4e8b-b2cb-084d600ddea8,0
6bb4f772-bc9f-4c6a-a51b-1b1d2f5208d8,1
59349d0d-5fdb-4ee3-9cee-d1270f26e731,0
b4dcc772-3cb6-4b1e-9312-9cfe897259ed,0
4c0b6d05-7a11-4e45-aa00-bb64aa625532,1
cd74adbe-6f43-43c2-9045-86966130f6ec,1
ee5b724f-a52e-479b-bb36-aa66d290cf5f,0
517552b1-2920-4e81-a0c2-11f72e13ff46,0
73910552-4f51-4aee-8428-603b24623cd3,0
50b00095-6923-4402-9e90-f9d8c4497288,1
3023e273-a60d-4608-9bef-8088b3628089,1
8ade80c4-f3f6-4153-8a34-1bea46518e29,0
3f2d89aa-f183-449c-9d5f-974bacdfcd07,0
1bf9d27d-016c-4639-8410-3253f847303b,1
ae5041c5-0388-4751-af64-7f1eecbfdc83,1
cb44dd24-0dce-45ee-8b6d-81368eb83c7d,0
566b8c72-cf35-466d-b057-29f13c32399b,0
ad55b016-2d02-4fe9-81ec-1f6951aeb84d,0
30389827-bc14-41c8-aba9-4f8422b2da93,0
8ea6a4a8-d939-464e-99fd-5664717ddc59,0
3667691f-c9ad-4377-8bb3-1b506469badc,0
405176a4-90bb-4f6d-9584-2668d20d5cf1,0
ba0207ac-f06d-4bfc-bc94-f5c2f9da2be9,0
486a0dd5-2343-4a2b-b987-c3cf53116372,0
6afbce93-bbab-4dc2-a997-1cb76b481afb,0
423a3baf-3cfd-418b-922f-0ffa6f901694,1
af4b47e6-e4d7-48c1-9bc9-91f80a207d3d,0
fc572ce7-b731-4403-95ba-544d739cb603,1
b5267c69-575b-4f45-845e-52293571d58d,0
66e611da-5b41-4da4-83ca-35d6fe3fb0c2,0
ec3a295e-1115-484a-b9e1-9c0b219acb0a,0
0bbb28c0-1a52-4586-8db0-8b22b1fa6f19,0
5c92d956-e568-4685-99ce-aaaf534106e0,0
fba1169d-5274-48d8-bd42-c68fce2c73f0,0
8837f3ac-2db1-4317-aaf7-d2106332f04b,1
63c0f783-9235-43a1-87a3-8ee9c9384f1f,0
b5891ecf-e392-4dd6-87d3-0de4e8c836a8,0
c3f69a8d-5fe8-49f7-8672-6c0c515efefe,0
681e8120-0847-4738-a449-6d099cc5721a,0
e495c2f5-0a6b-4075-bc15-0aefc3bcf6e9,0
57e6cb2e-b1c2-43d6-bae9-cfbab84515af,1
50c1a431-924e-4502-b0a2-dc47ea4ea228,0
ddcaf321-a5d5-469b-8fae-ff0deb60d424,0
ff620dff-aed0-40c6-96f0-57a461bd2339,0
cb10d11d-e8f7-48bc-9156-6855005e448d,0
c1e630ae-6238-48c7-81d0-9cb7b9a90744,1
8a411171-abe6-42bc-a8a0-8c3f782076d4,1
f887004a-2a74-48d5-845d-c303eef5cfb2,1
2c2da1eb-2420-47c8-80e1-5d121273bd83,0
0b885673-2573-440c-a421-03efc8daacee,0
46db1540-588b-481a-9d3d-09707b17e798,0
c4d9dbdc-df84-4c2e-a351-ae034043a72a,1
39af65e2-7c93-43ff-89e6-0290f5785485,0
f110284b-8184-4171-8f3c-1d2fa9bb2d1a,0
59e19d8c-e4c5-422f-96f4-298e4ee0c2ac,0
bafa8921-5674-4edd-a62c-502f48571270,0
fd0acb98-0a57-42c2-87a4-dcf5cc86d663,0
c5958a6f-a687-4a9b-a3cd-0d7c0627aaf4,1
3e2a9abf-2299-466d-b170-a9d079cc3856,1
3bd8fae5-0902-44f9-abd2-6492e683551f,0
f0975822-695f-4e59-a382-8c6a1c10392a,1
4fb49377-41a3-4b0d-9d7f-04244126d67f,0
2d226780-920f-4c7a-8488-df46be6611b2,0
f9308575-4988-40b9-90d8-cba7353600af,0
3155cd2e-9339-484c-b049-1b46c8c82272,0
27c94a04-e8e5-49c1-adfd-7f34ab4eb859,0
50099dfd-bec2-4dbe-9f39-c598ac71fd4b,0
30c9c87f-8b37-4e40-8fb0-bdd77563c514,0
00dde1f9-99b2-4dac-a39d-995b3bccbf52,0
20983d3b-9a04-43e9-87a4-54df30e7b6ec,0
4e8662d0-dce4-4e75-9573-4f6f2c113952,1
f8e2b0c0-62ff-4113-86c3-d42d70070c99,0
1a95ce68-aaa7-43da-bfe5-1e54d16ce446,0
390a58ed-b161-4898-9281-73d365a34ba0,1
1c26a2e3-b47e-4ad0-a216-97c087fa3a72,1
c4a32808-8ea0-4a03-9a7d-fdffa2d0801b,0
4552b70d-57fe-4f5b-9cbb-ece586639db5,0
f12b84aa-4237-46a3-ba56-b86dc03e4dd6,1
342722d1-c292-44ad-9769-625723e7e3dc,1
be40a2f6-6d98-48ae-9283-459f829ff398,0
3d7ebdfe-41ef-4bda-9c10-ed49e9866d45,0
4ca9b8a8-5a8d-465a-8aaf-a90c4be5e706,0
722c6c99-f3ee-4b68-acbb-2c84c8786a09,1
93cfc7d0-5dda-4e91-9c6d-e632cd6194cd,0
362d93f5-60b8-4ab7-8ea6-d8cd11356754,0
ca333b12-6913-40d3-8937-207af54e4a3f,0
b9c21bdf-e895-4458-92ef-5c6a0c5568b4,0
ea6e51e0-c47c-44fd-9f4c-cc056d2417bd,0
1dd8a002-375d-4971-90c6-8c898efdf0b4,1
75ba5713-1135-405d-bd88-76dd18b303a7,0
a26288b4-1d04-4dbd-9551-4eaa0e2bfe4b,0
11e3bdc6-4b4e-4416-a02a-79928b16ab4d,0
1ca7a8e1-6296-4c1a-9543-95279ebf00aa,1
8889da44-31e8-4498-9aea-87648b64fff7,0
7255c6f6-a276-4886-8c73-e8c92a77a692,1
c0fe42e6-f157-4e57-ba29-523f6bbd277f,0
fa731c62-2e14-471d-b145-398dfbbee983,0
d3809aad-57fb-4bf7-9c5d-c616a5b1a1fe,0
82b8eeb5-8884-43e3-b3f4-4b5c8c1cc5fe,1
49eefa49-f139-4759-aa1d-e4a167907166,0
75da2a15-17ab-4243-b3a5-d05b604ac50c,0
158ec7a5-ff8d-4da6-9d9a-9db5cda53765,0
77bc320c-e0e1-4f18-bbfd-2dc6b7bd46d2,0
4e3b487f-fdc1-4d84-bd57-865fcb30cfe2,0
f77c751b-35c1-4e2f-82ff-f55ec0c5ea83,0
294a746a-0f2c-42ce-af35-c52ba40daec8,1
0805332f-24db-456a-9758-2881c79e846d,1
124037e1-854d-4d73-990b-a3361e59b0a7,0
bbf26f93-e012-4bc4-a9fd-41e478d22360,0
c2d451ae-91a9-4dc8-8ebe-fb5f1fbd7b90,1
8a60d71d-6e8d-4232-87dc-365f217b4b7f,1
3910b493-73f0-4b1f-bdcd-1769c89d34d9,0
409b6ba8-3b6b-4013-92a3-0d945011f86a,0
b655ccc1-0b0d-4c26-9cd9-d014e564336b,0
8bd3bde3-c3b3-4037-a765-99c27facc180,1
eef5d38d-840d-4555-bfbe-44e84e2f83cc,0
caffcd58-c8a6-40c4-9711-5037869e4b73,0
d1290758-a82f-4c5e-a50f-3413bad4b77a,1
f87e71ae-f911-4356-a9ea-e591361501b1,1
e0d1f83c-3004-4507-bacf-e16023d0018c,0
3e19a5e7-c45d-4f5b-90f8-de08947648e6,0
b2ff3dbe-c5f7-4921-b661-9171770546ef,0
0cabe0df-abab-47a6-acff-7cf1f22368d3,0
4d248552-abf3-41ee-b0dc-48bcd3f4037c,0
d519acf8-6741-4e9d-88b3-3c9350da12ca,1
582914cf-332d-475e-9f71-a4e36e69bc4a,1
cb31bb9f-762f-44b7-988f-f3c1e0c107c8,0
77805bdb-8dbd-4ec5-9115-77305c7783a1,0
b9a9ca72-1ffa-4dcb-b772-54f1116da866,0
244c2cb9-b2ba-4c64-b04a-4f05ba6e21d1,1
50f73f3c-5730-4a61-9f3e-3ccb38828863,0
c13766da-8736-48d7-8a5d-2eeaf96d6094,0
e78d6cd9-ea73-4f99-81de-14ebe10a909f,0
27bcd628-0b71-4310-9254-6f1eb821e3c9,0
1378d2f8-910f-4534-8774-45e5c98fa6b1,0
f6af07e3-e976-432a-9fdb-48f2e2063ffa,0
3dde806a-ab47-436c-887e-c3e8cfcc4000,0
5316801a-9ac2-4ae8-b39f-0071d6eddfd1,0
505aaab2-ca1e-428f-b760-0d8f37fd84ac,1
3de9ab87-88a2-4e6b-b208-d670279f07bb,1
330e1ac7-329a-435a-b62e-9d658ff5e5f6,0
9b61255c-e842-4f5a-bcc2-c8a73efb79ae,0
30a619a6-1e58-41e8-b685-6b0fa67fc24c,0
a98c8f55-0f2f-4881-a684-8054e266fb81,1
7e682e6b-e7db-443b-8967-f5c4d485b614,0
a4464b84-2abf-447e-ad58-fe6372cc05eb,0
dd684a2c-718c-4b93-b1c8-dbb805e6dd4f,0
47d261d8-45c4-4c69-af72-cec2ef74bedf,1
2c2ed30f-f4c0-4fd3-bf0f-7a27a335d901,0
59e4d7bf-7ed1-4bc4-b528-fbf54b49d6d5,0
9379d76e-ccb1-41c2-9ab9-aaa227eddf83,1
13143367-6f28-4df9-9e20-739f51839112,1
4f38b204-3377-4cda-95e0-e16734fb2855,0
a9850bee-89cd-4fef-8dd6-9d7624f3720e,1
425bd08e-befc-4688-a1ef-95e9db3a1f6b,0
230be2d0-094e-43cc-b635-b0dc274461ed,0
5cdab5ef-8b4b-4cf4-98e5-54027cc4326d,0
a499399e-4771-4aa7-8b16-d019a82a4888,1
90f62aee-7dc7-42a2-9b15-c3a72fa58de5,0
e7feabd7-81a9-4cbb-a14d-fc476da90efd,0
6b88aa06-d318-4da1-9d13-198e3cc86e33,1
05fb4f90-09ee-40f0-aa61-7a2ece1bac42,1
bfe69714-e6bf-4078-a112-2288fe86eced,1
d63327e8-c3a2-42e8-aec3-5af6ac8c028f,1
a29f8557-333c-4894-a777-0fa7913b8773,1
2366a87e-19cf-420b-b8fe-4c2336da9bb6,1
1c1a967f-38b4-4875-86d2-4bf81ec690cc,0
50afe3fd-ae94-4f0d-a202-a48453aab4d3,1
02128618-87f1-4747-b327-6c330b90119c,0
4a6d785d-31ee-465a-99b7-d8149675ad4a,0
923f4316-6cb8-4d8b-8e32-9efa8321501b,0
45a07647-d7f3-4970-affb-e85a0d1ae9ee,1
825f0e60-55ee-4035-bce4-5b9ef9079d92,1
2a8b393e-b2d8-43d2-9abb-7a4dbff5835a,0
67d27db0-6c42-4244-bfd2-f97906271757,0
7427d9e2-3248-448f-b35f-855687c8d1df,1
d2946175-6803-49e7-aaa2-2922ed8b0f15,0
234e2974-c28a-463a-8f73-db8921ecb830,1
9fa33b99-cdcd-44d6-8e3e-94ee36d3ce8f,0
c03fcb81-e60e-416b-8985-3893d7f4680e,0
a31a9d8d-dfd9-4759-8769-266e8611d7df,1
8e88c2a3-616e-40ad-bd3f-8fae5705f6c7,1
e603de9f-cf43-46d0-a19d-145066353c80,0
11788584-4cac-4d7d-a762-b71c4d818024,0
21013401-4f0d-499c-a040-75981167751a,0
27573053-46b7-475c-9499-6ca6d685ca62,0
8ef8ae3b-ca79-4d6d-aed4-06c3c7687a05,1
d7b82f59-fbbd-4b86-9229-a706edc187e3,0
de555d21-97fb-44df-b0ca-d1d244405bc3,1
702f62be-c77f-43bf-bb13-cdd290ef60b3,0
6d6b5a46-6153-4009-8bb6-87d52a34cc6c,1
0544da04-0430-47bf-947d-8a3f191f67a6,0
eb67bebb-8021-4174-b34c-2de04eaa59c9,0
0a145e20-39f1-4d60-9624-9fb8bbf3ba2b,0
f383c1cf-6715-4738-9b67-2cd9412ddff0,1
a45ae7ea-e396-4e3c-9ea8-20a58e45b1e0,0
3338aebb-f001-4f48-b40a-dd2544175fcf,0
6c925777-fae0-426f-9736-c866d47a791b,0
27e0a3b7-d804-456a-a3c7-6d9d3a5bbdf7,0
4baf0dfe-177d-42b5-b807-d060770800ff,0
450563c1-7574-4225-b2c4-3eb99176f7f9,1
76da6411-b217-4ee0-9dda-616a00e64e4a,0
2c9c8e23-9525-4ba1-96a3-631dfb074e93,0
dbf346df-0f03-4499-a781-e27d1318da4f,1
22afcdc5-3b44-4b20-b840-56d9335d0afc,0
0cb88b2a-89d7-4b81-bedd-a6fd3ef14b33,1
f6c34bfb-3d47-4690-a220-9c2fc77d3fcf,0
2121e433-8e5a-4112-8090-fb44fbe9a4c8,1
ef2f795d-ec16-4972-9aa5-0c4477b30b78,1
37a6865d-0d77-4605-a49e-f388f885b53e,1
03644f6d-d238-4725-bf35-70117c93af72,0
f4decd9d-4080-4db6-818d-122ce2dfcdab,1
fd3c98d6-9b6b-4a1f-9115-afad0ec74c95,0
8eef9ea6-5277-4056-98c9-2d11456b0f0a,0
796ce038-8af8-43e5-a81b-213719d3aa77,1
cfa4c930-c9a1-49e1-83fa-b8d5fad6cd78,0
e81718b2-07ae-487c-b61c-8be7d5facd9f,1
de90970d-379b-4614-b578-39c044c45ff4,1
bef255ae-69e8-48ab-9021-cd3239ca75b5,1
9f5250cf-a02c-40f1-8681-2420d32a54c5,0
65114ef5-b22d-4826-9b45-76b20ba7d680,0
4b5b0f7e-d9c5-442a-95d0-6dcd7280957d,1
69826ec0-8dc5-4d58-aa41-653102cc6d3c,0
af423f1a-25c8-4c80-a29e-39a2ef3e562a,0
7d51dde6-0cf0-49a5-b950-1a44ac85fd11,1
9520e4e1-9718-4ee2-9114-25e1840dbbd2,0
06f3a982-e846-42e5-a9f4-ce962b591228,0
5739ed6c-3cd3-41f8-9324-e7f766d10192,0
7950030b-77b7-466f-8c07-3f742eefbe26,1
2c1b6827-17c8-4330-a6f7-01b53ef2bf76,0
fefd33c7-5017-4b81-b9b0-b90c0b26bd39,1
2630d864-95d7-483f-80e3-eeb3f55e9a86,0
118fd01a-40bb-4d25-890c-656947c0133f,0
af18965a-ba97-44d5-b609-1d58450b9636,1
6d28c1eb-d860-4899-9505-f9e3a0c93aae,1
df02ec6f-ec23-4dd0-8bb2-0a8fb4202ad7,0
cac8e5e2-5485-4940-9a0f-72c17597bfc3,0
b46f4fb8-2d83-49b3-bbad-4a067b7cfa6b,0
c4d764e9-ef57-4c6a-acd2-fc3c1e2be372,0
bd8f2fdd-1e92-4f3f-9719-562f54ba843d,1
63d3c188-69a8-4b29-8310-da571cb458a4,1
c878dd1b-a91f-4a6a-85ef-6a738ab950fa,0
206ecf77-5c3e-46b7-862b-9516dd9ab0da,0
27d9aba6-744f-499f-90eb-b736f49e85bc,0
8f6083c5-b951-40f9-ac41-de59d5ef4a31,1
6557812f-b3d8-44dc-8a29-07da730515cd,0
4f5943b6-d0b6-466f-8e53-6e426dc46edb,0
716c8777-9f1a-4116-ab72-75a2bdc8cc91,0
47e2f1e7-e0ce-47e0-93c6-ec8f3ea9e5eb,1
a9d16421-0478-425e-9259-07a26bb12a6c,0
8ee2b150-de29-49db-981d-03bbf14b4373,0
49d0ec2a-1f82-4101-b65c-2823c4c5e6f3,0
816ba627-6afd-426c-80d3-606a491c49df,0
a66fe1e3-02b3-4d44-b321-ea4ba447bcfd,1
4f6bde0f-b8b8-43df-85a4-fa5c90590fcf,0
52d5158d-010a-4c55-bfa7-740947dcd229,0
f4891892-fe04-4712-b215-147bee53d21d,0
884924ec-4ca8-4bd2-baa4-32659b7f1753,0
f86b977a-8d7a-4f66-bbac-7de9f66087df,1
ca6ced39-1c28-4e67-8edb-5fffceb9cc64,0
7ed3445f-9ff7-42c1-b265-74d4cefa596d,0
c33cf50f-a935-4003-b62f-83777d6320f5,1
0463226b-5bb4-41d6-8916-44adde242c14,1
cb8ca0f0-49ca-4293-9ecb-33fccfbc74b2,1
bc93bb57-c073-4e78-9228-3f4aa7510d0e,1
91b84780-1c57-447d-8a23-70b19a83df45,0
9087b268-1d3b-460d-899a-1b100c8961da,0
8f1c279e-1aa1-43d0-8f64-442b400187ad,1
3e44f17c-df58-4501-a2af-2e7ac2ffd219,0
f0d90469-d097-47e4-8313-7011625a67e9,1
e716f7cb-3fbe-470a-a565-f07cfb146cc3,1
ad419115-6086-41d8-98ea-e1596b0c2c3d,0
84217156-6a73-4160-801b-6b399b12db05,0
ddfd4a81-2a92-44b4-a707-4078a659d20c,0
38a960dd-5d09-4e7a-aa0b-078573c63b22,0
5e55e260-a226-4ef9-80c4-168336de71c2,1
8463bc73-a647-4efc-993e-8d768ef1938c,0
784104ae-26e8-45d0-a048-38101ec478ed,0
722a734d-a219-440c-8878-2963f832dc93,0
377de28e-8ef3-4965-9c9e-544316f1f411,0
6a3f1ced-5ab7-45a0-9b50-c9eabbc400f7,0
2aaedec2-3da1-4f7b-8d80-bca56fd21352,0
a350d56f-afe1-49f7-bd10-9bf46f932e05,1
77890eaf-05f3-4254-b645-32f2776f7a87,0
b75ee6ec-7811-4836-a9d3-7fe33677b2b2,0
65b76399-7b69-49a0-b033-b664789617a6,1
c0f45556-5f16-4286-a0e7-ece6e3b90913,1
a53271c2-36ab-47be-b202-8415fbaa0784,0
c2bdf712-9936-4ba8-8c03-14d5c4a41443,0
e02fcad8-210e-42f0-b6e7-2472b4c578c9,1
a2d03835-4cc2-4872-ab54-8c775ff3dcd5,1
f4721df8-a085-4992-bd85-711d676c55de,1
c9e3bd20-01b1-4b64-9557-73b21cca4c8b,1
14cb5c92-5e17-4db5-8ad2-0e01223aa2d6,1
4f5b6e0a-9188-4506-b79b-4f4a0a7876d5,0
bd642a5f-8e34-4c03-9fe8-6d65f679e549,0
df267699-736f-4c98-9cfb-f76758d71b10,0
2752c1ea-448f-482b-ae68-c31302460b65,1
7b56069c-7b3e-47cc-9a97-9fb441e85e15,0
9a83134f-130c-430f-a07b-76af9ae2d023,0
3b95eb65-003e-4046-936d-e21155851e4d,1
6fb35e33-d047-4bbf-93c1-174c83616f69,0
542bca1d-d876-47a0-a9e0-d61834b047db,0
a2234eae-ac31-44e4-89f1-e6e5d64ff72e,0
9cb06294-6031-42ce-93bf-59682edc61cc,1
3400baa7-a6e8-4648-b8bd-61c394f56d89,0
f730ed62-9886-4a2d-b089-256c8e1c011f,0
6eaebb2f-6fb5-4c3c-8239-b72bd42c037a,0
eb39dfff-5330-4ac7-aeb6-a87a55577684,0
991e9aab-0448-4211-9a82-b02d9c87af1c,0
7b98f3ee-9fc4-4ddb-9312-6de0b82def2c,0
cec287bf-aab5-45f6-861e-200f85b50789,0
9d3d893b-aaae-4529-8a04-025c3355d593,0
996c61fe-9b89-4020-bbf4-f3104c5155f3,0
af4d1a66-229b-4792-b6fa-1a7f0f28c33a,1
fda8fdb3-6278-41a4-885d-5765ac782451,0
ab0fdd90-a7b7-40c3-b34b-61e4f8fd7c58,0
68e09dee-6280-4adb-91d7-c29d41385f27,0
b736790c-66a4-461b-afec-c833c20d029e,0
937904c7-0b71-47ac-b26c-547c2e76fcbb,0
22542c90-8235-4385-acb3-470f263773ad,0
7b04854d-c919-4971-a3d5-c1de5463e367,0
fbcc18c7-5a40-4d45-9842-2e1b5edd5e15,0
f3d92550-c34f-4520-b044-4067381e65b3,1
ed2a4f3d-e450-4a3d-9c8d-3d47865a5cda,1
6ca1421e-3b43-40ff-a874-9af4d5c8db35,0
70e75b1d-eb86-4400-ada1-faa3033b7a43,0
b91e0df5-055a-4cf1-aadc-e8cfb4640583,1
8dd6a370-3bcd-4bbc-a324-2f228e799c6e,0
bdf6774f-882e-499e-a12c-ff50d2860d5c,1
531a9fe1-8f50-4d2b-973a-122b91e11cf4,0
af217d23-7867-4a70-875e-a73f1a495d97,0
391a7b4a-09da-456a-b35d-896dd4cbae0a,0
bc20729f-3fa7-427a-b32b-85a17813858a,0
04ea08a0-8ddd-431d-b129-690c62cce023,1
7ffd26e5-19c3-4ff2-89dc-c88c48eeac23,0
2d7d70cd-fb38-405d-8247-40aa9bc733e2,0
8d9a56d4-660b-455a-9b60-976752fe8529,0
73af3fc1-2b13-4c1e-ac50-5b7033be578f,0
3d9c269d-d784-4bc8-8374-acae8f96fadb,1
95d9db84-890b-41ca-9078-23cb3e90ea21,0
8d6112ba-c345-48ee-856a-b224fbf432f2,0
b2d096ca-81b9-461e-a865-e3c2e25cec5f,0
fbc11d7e-9870-4276-a0d2-d7590709e917,1
cfa99c0b-0ea4-4919-a508-f960736334de,0
b33d9a2f-cdfa-4d4a-a6f2-99a5bebf5bee,0
f2cca51d-ec97-48e7-9f61-6bae8124a414,0
15b5a396-cd01-484e-a1ad-c57b2ee1f77f,0
a80802e2-1182-4a78-8b43-8a1694fdc81e,1
451e2561-74a9-4f7f-8b97-9b1e8085a9fc,1
538e3f54-57f8-40d9-a508-629fa6bd0010,0
f7d5203c-e9be-496c-9758-c6618adc6517,1
a63b6887-5508-4afe-85f1-c04a23809608,0
e6b7bf44-5a98-497a-a071-b8daed6864a7,0
d9bcae5f-63d9-453a-81f5-34bbeffd5e3d,0
08accc65-baa7-493d-9b6c-64d424a72c56,1
b697d203-71db-46f7-b8d7-add752d7001e,0
1609966b-2119-43da-b35f-4f7ea32871aa,1
a96bd891-efe4-4efd-a592-c1cc208941d5,0
e845e1e1-3571-4d2e-88ae-1b4730b94839,1
750e9d50-d8bd-4da2-9be3-174a9521279e,0
50f74898-6cab-4d39-9077-46f7a066cbbc,1
5d57c6b2-a67c-4d91-b118-351a3f86c0f7,1
13d60b20-63b3-41c8-b08b-2377ef248efb,0
547272b8-0557-4a23-afba-75c4661980ad,1
193f93ad-b9a4-48dc-9e60-fc5137bdbeac,0
9bff2571-00ea-45a7-bda3-5ab06090e939,0
ecc68345-0681-4f5a-9d7f-e122c48f049d,1
6ec306b5-0529-48c1-be28-406ce98f972c,1
2fd1fd1a-e6f2-4ac6-802f-691f2d042d10,0
6d9de486-3896-4fdf-9125-1ccdaacc1c91,0
d8a447bd-7fd7-49cc-8083-9fa668be12dc,1
a906aa64-1903-4887-8815-8ab7c3dcaa02,0
4cbdec7d-a639-45b4-a4b3-2b8cd4214374,1
d137f546-a646-4ef1-9644-34cdedbe18fc,0
61d610cc-7dc0-4aa3-b79d-345b7fb1f9cf,1
a07de643-87a9-4501-8ae0-369232712b88,1
fe0376e4-6708-45fb-8bf4-0953400d43ee,0
0ab68e85-70e1-4741-82e2-8b709dc2fa16,0
765a5afd-a783-4cc8-8723-f05c18573796,0
7fe8a982-cd70-4c0f-a6f1-2449aa078c71,0
30be4f85-63a5-4a24-bc71-f428c5dbfd55,0
f5f75d99-6bd1-4a94-8266-7b34c1d287e0,0
0e16b7da-c305-4382-8041-a2aae25ae877,0
093e3dec-f96c-4984-a0be-0899349c5226,0
5906e77b-0cb9-4b7f-a945-1d04a332f18c,1
37dfd627-ca5b-41a4-bda5-717b13adf3d0,1
11b8bae3-d10a-441e-a2e0-a91c24951c75,0
fe238598-36b9-43c1-afe5-f81ccb5adc24,0
c511ed33-5e25-4b6c-98a4-38ee85bc5113,0
62401561-605e-48d6-b2e8-46645a27fb0f,0
9c9d9ac3-78af-4b45-bd58-26a4e41b4d74,0
9103569b-78a9-41a2-947c-071d95f23320,0
653db259-3fa3-49c9-b29f-6af5572e09a8,1
908f4f6e-e496-43d6-900f-a19a44e39287,0
50ebf6ee-a8fe-49f9-8a6e-1cc575b2ee01,1
a7a44bc9-ef62-4fde-868a-729648422949,0
d4444100-98a4-424a-b9cd-19e0d6561e36,1
3b11b852-35e4-4cff-b22e-4a26f2573cae,0
f5a17d38-3fe0-474c-9215-43a4cf8be775,1
23687cd5-dd16-43a2-ad96-692627d5f6cf,0
9de9be09-11c0-4e00-ae85-88075a0ec427,0
b04fd58f-bff9-424d-9a09-899076fe2eab,0
80c40d18-5546-46bc-860d-521e045c88d8,1
1b29f49c-92a0-42f8-b92b-4e0a3445bca8,0
22a21ca4-af72-4fa6-bd8c-9240af845573,1
237bb10b-c7bc-48c6-80d9-10f90e8594bf,0
421d65bf-8bc8-4cc7-9526-b2da598921c3,1
c6385306-be80-4eff-bdb8-b414f6124ba2,1
0039a274-60b1-4e69-97a0-70d32fa2aa04,0
38bc1fb4-1a16-4e8d-a624-057deaf21e78,0
a8b34e33-53cd-423a-a095-b54860567940,1
9787105d-e0b5-4579-89d2-3163674ffc98,0
691746e5-319d-467f-b505-3691009b205f,1
1101a08b-95e6-4a64-8d61-173a7fe5c60f,0
a40ab95d-8e6d-4f66-8db1-2779587048b9,0
5397a07c-a993-484e-adaa-c153c9b2bbe2,0
11c0102c-16d9-4b49-b820-9ae35843f848,1
fc40ecf9-c1ba-41fd-b357-71cb08883e6d,0
6ad297b4-af32-4502-96eb-c70309fef7f9,0
6bf458e5-7327-45b9-9a45-4fffb3bd0168,1
9f0ff276-7541-41be-b616-bd3b9b95012f,0
83c635d8-1744-410e-9e21-8ea208f584b9,0
c330e79b-08ad-429f-88ee-2c98d95d49c5,1
24f35d64-d929-4c1f-92d6-6b7122d83fcf,0
787948b5-48c8-4aeb-b7de-b499608bf1a3,0
56bb0cd0-57f3-49da-88f7-937fc9e7ae0e,1
07740484-3da8-428e-ab8d-f891d6d4ac70,1
5ea80f4b-084b-41dc-81f8-e36d5619c619,0
08b335c6-4dbe-4f1f-90a6-6158ebe6784c,0
15cdf1e8-6cc1-43ec-9d79-fa7cf10c0490,0
a43ca691-620b-4f30-8b99-025e6e61addb,1
4725e26b-a033-4311-bfd6-5d738da9e504,0
55e3e738-6f53-4ee1-b6cf-d711bbc75de2,1
fe6a3fac-3b81-442e-a6b8-1e6c991b4d59,0
016de857-a04e-443d-9f23-a23b62f87e40,1
d51fae36-2d8b-4210-8a41-2f06112ede63,0
19bdc66e-975c-4ef0-aa61-0d172d20a250,0
2b07cb20-50a6-49d9-9bc4-08dd50bef683,0
dd273935-87b7-4443-a584-4240ff45d549,1
98cc5168-7f8e-4589-a0bc-0fde0bc8451a,0
5c3ff883-18a5-4801-9226-086a6be8b908,1
8fc95a9e-5c48-4973-a262-64430dea413d,0
66ccf694-c0a1-40be-a9fc-612e84f3fb65,0
5089451e-eeed-4ed4-8fd1-7b62bbc4f037,1
baf17898-4bdd-4fa5-8985-edff83d4bb94,0
d5e989ff-fa4a-4fd1-bddc-d030246bd234,1
9b10d918-34f3-435b-8be8-6f8b8e6236d0,0
5eb1d9b3-e750-4f6d-b38f-76a006b1cf19,0
c7d51eae-5be4-45a5-8b50-26df9ad44f4c,0
e6f0b56a-180b-4bbe-b9b0-0f9447e429a1,0
9c322610-ab29-43f8-839d-c60c90e8127d,1
f76c0398-ad11-4608-9e7b-05f8e88e0431,0
8b731dbf-efb3-47b7-a6e9-4ae8f12e04eb,1
09887da8-f053-4c97-8e32-07c28f7720ff,0
3004a1cd-a124-4613-a221-3f9fc0f854c5,0
a270fb08-1019-4823-bd36-cf3b85609499,1
b03f2edc-ef17-4135-9742-2b8d97023854,1
d5a722ec-4a00-48c7-9819-970b863f81a3,1
84148063-36b4-413f-a807-91a004b13de0,1
e2e686c4-6ee7-446c-8540-093565d76686,0
6dadeb2f-d379-418d-8627-f5bae706b501,0
22e2e86a-2a39-490b-90dc-bc327c87a9d7,1
a77e48d1-430a-4218-9d52-617378e30cf1,0
2e3adafb-a353-4510-8723-e518cac91c2a,1
4127a959-7fd2-4ea7-b2da-9a815c5e480c,1
9ec67cbb-4161-4772-a2f3-06a5efc92564,1
1717e312-959e-420c-a9dd-9de87366ef03,0
df8ebb18-d25a-4e91-8420-6dccc4cfa473,1
584b3a4b-5959-4d01-8ddb-5c5360c6439a,1
d36d389c-522d-40ee-a588-6b780ccd46d3,1
74e0c2e6-4743-45d8-a417-00989bc682a2,0
2a8ef958-2007-4894-88ea-e88114e19d6e,1
297abee1-14f6-4c7c-a157-4e4d0497dc65,0
6c9c7722-c8af-4903-b0d7-fefc685adc19,1
dc5e427a-5362-4bb8-af70-739f0d9758b4,0
6b54602c-8250-46d8-a5c0-dde121806c54,0
8ee61669-34a3-475d-bdc3-3b2ee6d897fc,1
8a1c1496-b4ff-403e-8de1-77e3f60dd303,0
b7626bca-180b-478f-8b62-06fce1df4961,0
831e674d-3a55-418d-ad38-49aa86f5168a,0
538b45f2-fd89-4ba5-bf80-d9186a364d80,0
743a4afe-d2a5-4d7f-9783-d5c06c5dee64,0
3c83dd08-5786-42f3-947f-e5efc359b56e,1
ed68b027-bef9-4f76-ad16-b2a039560ba0,1
506471bb-f500-46af-9f57-8fcee5d0f8de,0
b23bd5b6-4c71-4fe1-b4f0-bed68f7ef6f0,0
fdb2658c-40f0-4510-ba88-2aa618c4418f,1
f8056153-1844-4d1d-a96c-59e14c154678,0
e6317486-43a4-492d-bc3e-fdf3f7cf42f7,0
f1b11e51-d977-49b4-ac1c-42f2e1063416,0
443bae74-78ad-4cf2-87bf-c79f95235687,0
31d436d9-6d63-4da8-8e2e-18cd3ec6a303,0
e7e88cf4-41d8-4b63-a762-500eb59e5c60,0
a1cc814e-349b-4a90-b8e9-c4a5e303262a,1
d0aacba3-d0f2-4a53-88eb-d8d58dfb8d79,0
ab2745c2-457e-4700-8b55-4dfe64e34246,1
a7e04604-19f9-41e7-a47c-f2c1394fc4d9,1
fd994794-df35-4c88-90b4-3c12729babb9,1
1d9419d3-6a71-4c5e-a132-24d83a77f561,1
3df06396-1aa4-476b-9c6f-d743c3dcd29c,0
83aa6d12-2b2f-43be-9cdf-612dc5315e6e,0
8ede3890-edda-4aca-af71-bf8fa85160b9,0
9e6640d2-1f64-4abe-ae4e-a549bfdbb32e,1
2ce1307d-154f-46e9-b8ba-524db2beb8bf,0
bc2bef6a-37b7-4ceb-bff8-482b68bfb8bf,1
8b514677-bb01-4630-bb96-5a0da7e7e280,1
88512bd3-a442-4bf3-8ab9-14e1c2276904,0
5eb30b4c-ff12-4265-b3c9-82c393ecfe44,0
fc9bed5f-0837-40a2-b5ee-2fe472e0158d,0
45b45420-951c-441f-9820-ee14feac7fd6,1
69c661f2-e2bc-4c06-a6a1-beed6b88e968,0
64b4b441-e2e7-4efe-9fe5-63a066ebccda,1
9eb32a1e-7463-4c79-b5a5-b95554c82b3f,1
776019c3-74cd-476a-8148-8d8234e0b386,1
40bcfe96-7655-4e71-b45c-65f7560e704a,1
5bd900cf-6514-4c6d-9c25-96f53bfa265b,1
17f493f3-749f-46ea-abb5-c3350164bf6b,0
c83c1800-5f2e-4f73-a785-7b3543268dc6,0
5a8a37e4-5c69-4f4d-b826-4149a7700576,0
9b427dd0-97d3-4293-a2e8-9bb6b2a8e266,0
95568431-173e-45b3-8338-c2fb2ea9777a,1
4afb36fb-2269-4302-9ad8-d53e47f047c8,1
b877761a-3965-41ab-96dd-43da6d1b9352,1
1c7b83d2-6dd1-4174-b1ea-ed812586d23a,0
b732f728-8689-450e-8fe5-64c2fdaef63e,1
a809d712-5571-46be-8f32-b376d74cd98e,0
107db520-de60-4b2d-a944-1eee2a43452b,1
ab59fa69-12e3-4f84-8f3a-97382fb9ae1b,0
ee515738-9fdd-472e-8dae-a24670b69cec,1
e2c33676-a125-46f0-a003-da38062425b9,0
d8afe53f-effb-41af-b792-9b2e0e655cf9,0
e41092b5-1e77-46b6-ac17-8e5d77d201d5,1
735b7241-db3f-43a8-83ce-a4b0b264eb9e,1
cf65329e-32e6-4191-a47b-b8ff92d1c91d,0
746daeab-0467-41c8-b006-44c24e91e1ae,0
90403c56-47b0-4875-b00b-e4ec6edd9923,1
919209e5-6242-4733-aae1-a23feb84b174,0
adc2e460-73a7-4532-bc94-c8f83bf44f98,0
d5775347-772b-4571-9f06-d4d47ec4b548,0
2e974dbd-ae0c-4eb3-9f17-13e348c56630,0
f0cf83e3-0ffa-4830-acd6-164f433c3315,1
73173313-0740-4865-86f3-6331e7e7a935,0
fff9adf2-9edf-4446-b1ef-3d72893c12a5,0
842da371-17a0-432d-8aea-59c85575e978,1
cb79cc2f-bf15-43f2-becf-3e2d8e7e594a,0
e6a36a09-43a8-4e44-bc59-99a75a555568,0
1e4baa65-2dab-4c90-9fbd-a48c2927a1a3,1
e4dbc9fc-36f2-4c44-b312-42401db0bbd0,1
b4a514ff-d8be-4182-86de-8602521da626,0
d865b6f0-b583-4268-93ff-80d9b8a4047e,0
02d1402c-3152-46ae-900c-74c121a25e2a,1
71e68cc3-5465-45a5-8e27-7714374e1870,0
f851a55f-daa1-4cb3-b744-4e079c76de3c,0
252d02c7-f9c4-4096-8f87-451e349bd4b0,1
d45ee798-c7a9-4a41-b7a8-650c7e63b1ba,1
8e2d60d7-6547-4046-b895-149857a9cca1,0
e56348e9-73bd-4b30-90a3-ba7aefb552d7,1
a5685c7a-1223-4d5c-9f5e-a6e348585a99,0
29703502-0ec9-4fd4-8afb-42a6544ea6e0,0
dc0e6049-2777-45f2-9393-1c87c8ab6cb3,0
7b3aebca-e650-49a7-904c-923c6a45d0e6,1
38855a35-dd08-427f-865f-223be50f7f2b,0
682c62b8-8257-4ac6-8704-f977bf79b5b6,0
0d75fdb5-1c17-49bc-937f-34ff5eb49c30,1
5a631360-41a8-47e7-9d75-a7354483c3e0,0
1ec14203-78b2-4871-8e84-0d4db155c93d,1
e0be3dbf-6e28-4641-b968-8b81c28b0155,1
40685049-24c0-4e25-8dd0-f72b8a3688f9,0
fa37bfa7-1193-43cc-bcdc-f8e84c46a6f9,0
5744b779-dc14-42c7-9007-aa5111a5f53e,1
1dab31ce-d6b5-4093-90f7-a2a61747319b,0
bdecc4d6-9a11-4ac0-8228-379603e67bd1,1
32a80942-2236-4218-9d1a-8b04a04a1314,0
80e62f1b-621a-4f23-a787-61951e164f2d,0
d44be70a-7303-4e40-a00a-be8131a85fec,0
bf1a33b4-d0cf-4bca-8247-38e1ae54fdb3,1
e77bcbf4-0901-438d-8a20-9b64aa1eaa9c,1
183cfdd5-a22c-48e7-b252-f968362b6ca2,0
d01971cd-35b8-47da-9054-d92b18a3d3d9,0
a8b120f4-e419-4cdc-822c-69135bce4254,1
a8364854-293b-4d76-b26d-4511d8c12b6e,0
f6397a58-4a02-4bd7-915b-8466697464a8,1
981187cf-1f1b-4583-8d25-b1a4edb4de10,1
55364a9d-0b09-4f46-98fc-d398fa4cfe93,0
f42784a3-4fa0-4e7f-ba64-117ef0f825dd,1
ddb5ce96-e9f8-43d7-ba94-f38eeed5a420,1
93ffecfb-6eb4-437b-8a3e-fd5d32c5415b,0
f0778e53-1c25-421e-8abd-81071ad8ddd7,1
f8f4d0b2-8604-4a15-89d9-59bee7986bb3,0
a22359e5-76c2-497c-93d6-53083c027e0a,0
afced9b5-4b1b-4fc8-8099-d90b8f0cd236,0
1850ba62-64f9-47ed-9365-ff8655316350,0
1ea47ea6-7411-4b44-a5e4-02a5e875d662,0
4a59736a-fa87-459b-9ad8-744444c3fd22,1
331eec30-cdab-4d0a-9623-3993b725c5eb,1
8460fd55-18c2-429c-9eb1-e902531a0b5d,0
449609fc-4b37-499a-891b-84a9d454d9e2,1
93e285a0-f595-4e97-8a01-6048d686554b,0
c4e600ce-6929-49f5-860b-2f1055d1cec6,0
56594755-d6ce-4244-98d4-2547f5f7e6be,1
b3f24f31-f136-431c-b87f-4bbe8c63f99e,1
690027b6-4574-4d70-a671-0949cba2ea79,0
3914ad8f-7b73-4321-bda1-83853cea9978,0
071212dc-4b14-4f7b-9da2-df3c9ed04205,0
fdd76377-0b87-46d5-8ed6-7381b11cb56a,0
2a81a383-47df-4a9e-a1c7-658126e0e341,1
25eb33b7-773e-4a02-8a54-0c6f996c5e73,0
da2e5023-a508-416c-91d6-eceb8b2f8a90,0
e1741a82-794b-46d4-bb43-e7600f6fc31a,1
8db019af-1669-4a3b-b619-699d3ecca1da,0
f420efe9-b7fd-49d4-9ccf-f0b85966289a,0
1f34821c-b9a2-4d43-8090-c644af55c45f,0
d3b7b369-8c03-4a57-89a1-6ad09b6a8b12,1
08a1a4f4-a6cf-4220-a0f5-637c480f27e4,0
747cff0e-e94e-4ef2-90d4-a32ab9a6e2da,0
c242aade-802f-4e8f-bb69-4f4bc668d81f,0
99911f76-e2b0-43e9-80da-2eecafcb43e7,0
bbcb78f1-531d-44e2-916b-e816d2a2c08a,0
09c80621-8676-4a64-83f6-0398b3ea327c,0
0e821695-f313-4eb7-8921-73d68895ae3e,1
6c4362bb-4529-4baf-8725-6515ecb35b33,1
dacebe9b-8c79-4670-8654-d8705f2fbfcf,0
ce59a913-4b3a-451b-a923-518c1fc4d09d,1
ef842145-f620-4289-9242-0d66cec96825,0
e79741df-3020-49c9-a593-c46c956ce034,0
3b89ae75-ba0f-4541-934d-bf62b2e43e92,1
89f53014-6231-4dcd-be1d-5f03a3eae78f,0
8935742b-bbae-4114-ba6f-0d284b95b0bf,0
680a18a2-92ba-478f-8df2-cc043806d5af,0
5fcc7910-dd8f-42e3-b520-3afc58883335,0
780f38f0-5f0d-4ff9-8021-3098bc686909,0
51a42274-0bd4-4ab3-aed1-94c1988894c1,1
0e84ec36-bfa5-49c1-9e4d-a534bac9c20c,0
0086c3a1-5e62-436e-a4c4-f1875aac3f9d,0
829c9963-5792-480a-b655-e2bab84ade49,0
0f010b8f-0a2e-4d37-b592-2c4681a26ba6,0
0f94819b-5b80-4b42-b237-347a78bf670a,0
e1ec6f0a-4a76-4994-8ed7-ca8b9b4581ca,1
d4d6c9df-8a7d-4c70-8b8d-55197a92bded,0
d6b45848-a58e-4033-afcf-1639216de2a2,1
b9b4ecdf-8855-4149-9281-99aacd1d5c7e,0
12e1b69e-63f5-4e2c-999a-0f61855c0a3e,0
142aa794-d0a2-487f-a318-d57f6aa0bdf9,0
24abf6e9-86b5-4d03-8168-658da64d2939,0
e42c38cc-3bb8-46df-af60-dc2501f3a4eb,0
36d9f064-2222-4ef9-9278-78fa32765511,0
82ab9d85-b1c9-4df3-988b-76d9c58d83e6,1
f3edc03b-3e9c-4269-a0ac-81edf68078f7,0
d3decb12-cf2b-4f02-839b-ea23a4be679c,1
f7f63dd5-73c5-42d2-b197-deed93169115,0
ebab0018-1134-4448-965e-093562cef48e,0
0961fcc4-6576-44fa-b41e-5f4c9483bdd4,1
47c38e3c-14cb-4582-99a9-d29aaf7b92ce,0
577f573b-81b5-4b27-9256-fcf928d68d86,0
efc66b13-e53c-430e-a089-5ab42b8f5a2d,0
f186ede8-fa4a-4f2f-ac77-b7fe4161692f,1
fc8c82f2-11fa-4023-87d6-03c6ca7b973e,1
4d8abacf-c068-4522-a73f-8e3a4c8ce280,1
c9019ab6-0f13-4fd3-a8d9-d6dfab707cf4,0
ba0cb356-ffd6-48ed-b6be-01b80dd0f4e8,0
e6f56069-681c-4973-80af-3b99fa9f93a9,0
d0d5693d-8ac6-47e7-9b0c-c4e4c0bb81c9,0
3a59f82b-4463-46ca-a6cc-1a812118715f,1
252f520e-dc8f-4086-b12d-e9d939ce4bfd,0
93df74b8-7da4-4c23-b16b-b7d86a83d789,0
d9a21a21-f3a2-4bf8-9915-3248fe7d175a,0
cec3469b-b7b8-4ae1-b1cb-7e4edfa8ff6c,0
a471b0be-9608-46d6-99a3-acc30676c2da,0
28bfc436-ac72-41df-9010-b3107616ca19,0
7e1702c2-10b5-4e33-9898-a14ad38352a4,0
99545999-b73f-4a7d-80bb-8908cabe03f1,1
2ebd0f9d-78dd-4a41-8da6-13d83587562a,1
63abe9ab-0f4e-42ff-83cc-52b6426f950f,1
b2a6bb63-f3d3-4622-88fa-3405358ce198,0
09045416-0060-4f4f-a8b3-cf1f93beb92a,0
ed1f7adb-8afb-47cb-8fc8-5c1ac26b5b3a,1
ff339c65-a103-4f51-a532-3b12c6c0d6a0,0
fe85becd-4275-4cc7-8831-57624769fda9,0
dc35c80f-4238-4c92-9d73-ac120f9d7c36,1
998ca4a1-9b8c-47c5-8517-974139ed1e32,0
3428e8e9-eff8-4621-b162-750c9fc0a40e,1
6cd1a948-d582-422c-bbc3-46e8e1446cab,0
d88f9dea-e6fc-4990-a588-f2f5b3571b36,0
653e873c-a360-44f1-a765-747f6923586c,0
c7abb554-3561-4993-b744-2ddce4994297,1
6d9f882a-4b3d-4a38-838b-4c1755bfc9cc,0
07988394-3221-420a-bfe8-94ce18d64f91,1
a5053645-9edc-4446-aa42-8f0667902121,0
e700059b-24c2-41c1-840e-0b1c3a6a65b5,0
65d860b9-c425-4b8b-ab5f-85be89b1b6ac,0
0aa72b53-d7e9-4f73-b315-61312a4d7393,1
4f14838f-30a9-4634-bf94-36eff978b92b,0
de302302-0cb3-450f-b6ca-108423a30cc8,0
5effcfe3-4a3b-4365-a3e9-ac0c1c29a430,1
80bd6b29-0c22-4b6f-afc5-c0c7130e955e,0
2203e53e-8bcd-4ce8-a046-e1962b427ee9,1
9775b103-c630-4381-8d48-58f30ed6e7fa,0
4c1c5807-69f7-42e6-a9ae-97bc4a41a589,1
2a706e1e-96b7-4900-81ba-657aa067de06,0
5554586c-8576-49d2-8bfc-9608497fd9ff,1
adf71930-011f-490e-a82b-53f3a8011aa3,0
afa955e7-52d9-442b-9ccc-d2eb56ec490e,1
c32c27f8-6509-4890-a7b8-e2b57f03d071,1
94f6af4b-b5dc-4a29-8a96-e76c47edd31f,0
2c086cdf-a6b3-4033-9699-25f08bace49f,1
5e8e12df-825d-47be-91a0-2a4711cebf20,0
067c6b5d-ae08-4c70-a001-b918d48e7976,1
3cf64bd8-d7b2-41da-80bb-09d65b0c5121,0
1ef29d6b-0eec-4ab3-a4e1-9098f88fd2d8,1
0a31d172-17f9-45ed-8c71-842632c45209,0
01cbff01-4fd2-4dd3-8d74-423bd74a227a,1
c802fb06-bcfb-494d-b749-37fe688489fc,0
b05c39f7-0475-4c94-93ca-6a88746f6a26,0
545c8114-4623-4974-afd4-fb8df6e86f03,1
687ee797-731b-430f-9adb-94a22a605dfa,1
eeec1927-1807-4134-8022-f3564af98470,0
73e5813e-1bf5-4729-ad79-11b245414128,0
59b9d67c-f202-4a2b-be32-2d925c517340,0
8071a3bb-a371-4748-9ffc-a8b97723c7a0,0
318bc8de-368c-4219-9dc8-a9298f150848,0
600eb444-0180-4c51-9905-c9ed21401ec8,1
5f77a87d-489c-4a19-a1f6-08c9ff4ef876,1
f62abb1e-39bd-4c89-b0a6-e357b736e18d,0
f78ca695-e7d9-4f2b-aa75-f6eda2653ad0,1
13bed4d8-e60a-463e-b3f0-941c03370352,1
e842cd38-8b9d-49d8-a4f6-51ec78a90db7,0
37b79737-32e7-426a-8d7e-993d391d7042,0
3e0e10e3-1512-45fe-8fae-db7bad0ed34d,0
15239037-4180-4cf4-949c-4e40a6595beb,1
b73366f0-d86f-4edd-a8d3-803418ce9375,1
93a9d3ee-917a-4bea-8056-04e0c309561f,0
ecf4a76d-333c-4d29-9d8e-981611c0b646,0
29712c0d-7f2f-42c5-b7a4-8c7593406ef8,0
570a7766-ca9f-4aea-8e37-b23e64695cc8,0
2f7f9c63-55e6-4d42-ae2e-32c18b7d605e,0
eaf0b088-c034-4e4d-918b-b8d33c6bf5f7,1
7dcffcd6-f118-4333-8f68-07b04c70bb05,0
32cbe26a-7bc0-44e4-a626-b013e9616df9,1
5f62ceaf-ad87-4493-88d2-507ae85242bc,1
5ea7f43c-62c0-40be-8127-23ce3bc7cdd3,1
47c184d5-6333-45f4-b890-9cca7ea874c5,0
205d3aa8-95d2-4afa-bc0b-7c1fe3c496b0,1
c4ab530b-60b0-45ad-a8ac-e318e1b922c0,1
bfbafe1f-2faf-4153-9278-879184174a0f,1
d06f35e7-9752-420a-bb64-5eef12d07028,0
c8d04287-8e3a-4c45-a218-6c7a9ceb5a10,0
87f909d9-f51d-49a9-8082-ac74ef95c728,0
fd28252c-7cc8-4b48-b396-83781d27d01e,0
6ccacf95-e111-4c6d-93ff-375be18f8781,0
f47bef77-7f0f-44db-8d5b-671cc92951f2,1
32e4d115-700d-4fa3-ab8b-f3e516b09b5e,0
3b436caf-e2e8-4a95-b71e-22c33d269c15,0
828080e3-991f-4d4b-ace0-3f1e477af2a6,0
e9687062-9f71-476b-ab92-84ba5764c71f,0
89c7f711-e0b7-40e1-9bd7-3bae50c1529e,0
eaee084b-c6b7-4230-8fcd-550452ccab32,1
08478427-fe44-4583-8ea7-cc96363c7a24,0
659ee831-8520-4463-81db-272cd4800147,1
96ceb85b-788d-4cfb-8c69-41165e4966c9,1
8d9b37cb-b7b5-48de-b436-14fda0c6ab4f,0
87efdd06-fe9e-4e7e-b04f-bc022ce0565d,1
10d051b6-267b-4252-adbd-ee132cfbe520,1
0ce9d8ea-c357-4439-b85c-2ea6bbf188e1,0
6f1ebabc-b3e2-433a-b4e0-0df94cb45c5c,1
0ffcb040-08f0-44e1-9f95-d7e5ba936922,0
176d659c-65ff-481e-b730-ce72b2989526,0
4f0760b8-4687-4837-9758-2640ceba47c4,0
9b043f17-8025-4ddb-90d1-42ce926a0e03,1
e2a48aae-605e-4b3f-8532-b322c4659628,0
752630ff-a827-4a71-8c28-b01db045da00,0
971dc611-36b1-4308-aab4-44b29d09ed11,1
b8438b55-69e0-40e9-b0bc-03beb40a069c,0
bcbec007-e497-4097-9945-36251672dd38,0
aa786e74-6fd2-4ac8-88d3-bd09c8c2935f,0
854f64a8-fa77-4ee1-bcc0-4b1d6e6b0be6,0
a93dd6b7-4f99-49f4-8021-de262a11777b,0
3ee98c07-3771-4310-989c-38dd69c9e076,0
2394f490-205e-4c82-8f55-c18adde8dee5,1
0c5ff3f1-0028-4650-8a5c-632a98962681,1
6954ae16-22c9-481b-abf1-7ae30395acc9,0
51c68114-3604-4a95-bd20-075b1ae41244,1
a83708db-168c-4e1e-84b3-96a4d8858eca,1
36b32d03-3809-4119-a132-251b327919e2,0
75e3576d-5be3-4504-a0ef-ff6d79bdc7c4,0
cdd088dc-19f5-4708-b85a-8396365dfc58,1
43551f67-f004-4ab6-8745-ac0cb341abdf,0
f8fbf081-d6fc-4d99-a1c9-a057f3e1a798,0
d483a5b7-3550-4a7d-bd3c-38a7d89e84fa,1
0a743998-ef28-426d-ba66-957b521a4812,0
e982df78-5fdb-47f0-b11d-01de655bf84c,0
f7e4d716-6f45-447f-a9f1-cd717f5d5f6c,1
8a92141f-23ce-4424-91ff-f924ad825156,0
b734e35c-4246-4c80-a25b-50e46f1ba8aa,0
92b54ba4-7ae2-4c58-a2ef-7833de13a2c9,0
5f141b9a-92e7-49b9-b5c8-234e22699de6,1
0f3e66c0-2ccd-49f4-987f-26f9d5c47c3b,1
9eb23580-1676-4432-bc4b-7b3ee80a95ec,0
df0b9cde-ec0f-48df-9809-e8b859669d48,0
32af6be1-2319-4bfd-b534-6d486e126a3e,1
4841bbc7-4634-4af6-8df0-961663cbec76,0
6f9b0507-f385-4b42-968b-14965d3db21b,0
09959aa6-9d9b-4fc6-b459-879084c947b8,0
fa578f43-8245-43eb-bafa-b92f95409cad,0
8a33e1c3-6fe1-465f-b238-2db4f048c5b8,0
88d7285f-6bdf-4bb9-a52f-2a8aa82c744a,0
3cc373b7-70c7-4cc6-875b-4f84237dc5ca,1
ba7edfd8-4cdb-40e1-9d3e-44a64a0facd0,0
9f5e20fd-21b7-4658-ae47-68fd06713c51,1
0cd0e210-c7ec-41f7-8092-62f1fa1bf75c,0
b794f7bb-3022-497b-8a73-0178fca4367f,0
096bee64-286c-440b-84ab-12edc0277b4d,0
0c512d77-c267-4db5-a31d-f0064fa194ea,1
8c236422-e95b-44f6-8af1-62b103677638,0
6f3fb3ea-cdab-4fab-bc91-0d19fd07c7f9,0
68bd1f6b-0015-40b2-ad14-70fe39130392,0
96d1444d-31b0-4244-8cc1-520a640e69eb,0
ce13b072-ca34-420e-98b9-556d6db51231,1
120be554-db48-49cb-9552-aceace3f1314,0
fb2054bb-ff39-41c9-9853-a4b37f97f5d0,0
9a2ef7ab-4442-43cf-ba5e-cea9f2625110,0
e4e59a3a-b28c-46f9-8c00-48ee9f287d57,0
4bca2601-046d-4b0d-84b8-ecd2bdf1c800,1
40b57c44-9552-4280-ad17-13e8840cacae,0
cc73082d-0f41-4b6c-9ab1-5de550771e7c,1
a2304a85-6801-46d3-9803-fadfdc802b8f,0
3f92535d-1f5c-48a3-94d0-94cf87209e78,1
3fa1f049-b828-405a-9d65-8a75dbd525a1,0
025ed1ea-657a-4b03-82ff-2a4fec1e3c6f,1
bcfcbb50-d962-4c2c-a073-9d2f56a2fd4d,0
682b575a-2d4f-4517-98f2-6e0961601fa8,1
fc59fcaa-131d-45a7-a6f1-7227532c3b6d,0
f7bf6f32-0bb4-46bf-948c-4b4b132c7108,0
67632ca7-f8e7-4502-be1d-2a2e9288cf3c,1
26b65e4e-3ab7-46d5-896d-7e4cb87ebf2b,0
7a1b1a20-8987-4e7d-94c4-db1575632db4,0
da7b5658-79fd-4b7c-98b6-01b82480dedc,0
2bebaefd-2a20-4b71-96b2-2db9d8435f95,1
266d3c1c-d1f4-4485-bf48-c04bbd48e73f,0
551c0ea4-0ef0-4992-8bff-66774fe82ca7,0
9c368ab8-dc1a-4093-99ab-f2f57f9e35f0,0
2917fbd4-86e6-46fc-979f-091c45ead99d,0
72b349a2-a4b9-44f0-830f-19b0ac57e241,0
3edff478-1dac-49cb-bc18-0849197478ef,0
a1383df2-e67a-44cc-a112-379871d45634,1
9bc0888b-9d17-4b05-a657-08f9579fd1bc,0
52d01fed-c4cf-4f9a-82fe-7b892988d3c4,0
4ed8356f-df77-4659-989a-06dfe244b998,1
3e3c47cf-fe91-4efd-be9e-b76183822078,0
3acaf0b6-8cb4-4ae2-9ae5-cee7230db158,1
638a47f0-e1a4-4696-b66e-782400ced58f,0
c03ec0f6-918d-4ec6-8b70-a8ca0ed9dd2f,0
b6031fd2-0bf3-49ad-801d-450750f96968,0
2bbb24ca-a79c-409e-b18a-124f2dbe1948,0
6181a68a-8949-49b6-bf56-dea154dbd035,0
e1b300ba-e1b7-4436-9693-90edeff60637,0
cceb33de-44f8-46cf-aa50-f8615c148598,1
f9b9cfd7-d7df-469b-847c-cd101566b671,1
64073e59-30dc-4ef7-811a-790842282c48,0
e494faec-e799-45ff-8bb7-ce0391fda828,0
a266596a-e5b3-40d3-86ba-54279869cc3a,1
4a76b617-b098-4eff-8ce2-b8e6d68ed692,0
d773ff6c-91dc-4c40-8e31-91a968ebed76,1
3fc70b34-7f90-41d0-9e44-0a1d501917d5,0
90a502e9-cb4e-4e37-b10d-94d0f2a40cff,1
97c50486-0faf-4f22-bc66-64916a2d7a37,1
ecc3223f-6688-4202-8e90-28a766ee6bde,0
bd91518a-2877-45dd-bdf7-542bde035d96,0
320efae5-9994-4576-a2bf-86ed80833651,1
2daa9618-e913-4d8d-954f-c3ce66ccfe6f,1
43b3d04c-c556-4084-9c20-fcf67340705c,1
dc2293b0-0e11-4ac1-841b-185716cee858,1
c74c4f57-205e-4db4-8c16-5c82d9acdf00,0
34b27f58-db40-4d22-a13b-807e4015aee1,1
4a7f66e9-c536-4055-bb70-1b8f6dbbd61e,1
b559ddb5-a794-4bd2-9f84-ae3b166a2738,0
99b546a7-9522-4979-8a26-d745d508b98e,0
dfb702e8-be9c-4a11-8e75-d4c9278fb679,0
df3b8a8a-6141-4175-b429-799429107907,0
29c5a4f6-d72d-4f11-af70-f35a315e42f7,0
ade134a5-4767-4633-bfcc-b0ab11c771d6,0
af59e453-b974-4ca8-90b7-318c0946d1fc,0
baace368-2891-4d90-91eb-4e80c0e6391e,1
4d55f1d3-f804-4312-9c76-4c5bd7acf7ef,1
dbb25bc5-d769-4555-b9f8-81eaa7ea394c,1
b5b10d82-b3af-4cbd-a1d3-6766e329d21c,0
5d08b5e8-bd88-4cd8-9228-548c4a3ff7f6,0
a6a49c7d-45a2-4f60-ac2d-0e82fc614059,0
a72ef883-578b-47a3-9187-3c2892fbba3b,1
0c75be32-e327-46a7-ba1f-497ee58a3ee0,0
ac65b418-f5fe-4e91-bd73-8c08b7e0bd77,0
35a4fd05-606b-4241-87cd-5609029fe430,1
d8ef0ed6-7058-42d7-93f8-d9fddbd33382,0
b37d038f-0309-4454-88fb-ff5b82579de5,0
94f643be-e91b-4282-8f3b-ec1b0487bc8c,1
5d546fe2-d5d5-42b0-894c-b0dca1a12356,0
8bc9e19f-86e5-47b7-a051-62e671347c00,0
72ca6b53-f9df-4b5c-ad61-624e040bf507,0
b328960a-4a57-4d97-9533-774fd9fac0b0,1
45ac275f-ac83-46cb-9ef8-38b47ec5866b,0
81d256c3-a95f-46e5-b807-19e1574d99ed,0
60e4ed6f-1ac5-4256-a78a-cf9bed39296c,0
ea5bb6cb-58e1-4da8-b144-7d84933daf24,0
571ce4af-0a18-48d0-8b3f-5c091f904f7e,0
9af654eb-e695-4ca4-bdc2-18abe16b087b,0
d24253fc-a048-4f0e-95a8-03a46c59721d,0
634d9e1a-a542-45a9-a875-97da3cfcb74a,0
e685d487-2176-4aae-90cc-e1fb9c9fb17e,1
8d0949cd-4297-4563-bd13-f2da692e3269,0
5fdead4f-42d2-4a9c-a4fd-ddfd8e0114c4,0
57fb9c36-3b62-4de6-8ee4-dbaf4f32eba6,1
f0b0e60d-6fff-4016-82db-4c799225e1c1,1
133423fe-25cd-4e26-bdaf-8c961ef8020a,0
88c33733-c1f6-4e50-83be-f8ea86e78b08,0
698efa52-b13e-4a60-812f-f0e2909e093b,0
f400ea1a-3fc5-4a51-aa9f-4d8f3d8d02c5,1
04538a66-71dd-4942-9b64-b963a531a9ad,0
22a57afc-47a9-4b4f-be34-5416cc4a7953,0
23637a3a-622d-4692-a7a4-3e2477bf821f,0
cd69e416-3684-4b7c-9956-70c9e90c4054,0
855c94ec-8200-44bd-8e86-369084ee5943,0
a12c30ba-b8bb-415d-ba5d-5d91a8fb19d8,0
3c8b258b-a017-46a2-8601-38119878a9ac,1
9fc341fe-74d4-48fc-80f6-ea0794dd0b17,0
181ef9bd-4a53-4b74-aece-a2edea6c141e,0
c9dd7991-3013-485f-92d2-75ab881e8962,1
28acb7e2-9632-42b0-9e4e-ea5e12e11862,0
b3c442ba-e9b3-4fc1-9fa5-e71c317bf10a,0
e2ec8420-6375-43dd-9897-21c7343b15dd,0
a021bf14-bb11-422f-ae66-de872429040b,0
aacff4d0-2bc1-4ed2-9294-dbe8ace42b4c,0
12a4f0cd-00ab-479d-880b-e9fe017d51cf,0
7f0b55eb-d6d3-4ddc-a6d2-97b09ffa08e8,0
42b6cd82-3167-4436-be74-56a5a5d25a9b,0
243531ec-2d30-4c09-9c57-95929ac603e7,0
f666e1fc-1277-4b75-9062-eb934f01fbca,0
21326d1a-2185-4114-81ae-a223846ea7d5,0
ce8ce964-e44b-43d0-9d7d-e206bf8e5235,0
4f10c987-9085-4232-b1ca-974a0a82a480,0
4c1cee3a-8c1f-404b-8dc6-5ab2e2cb138a,1
08b615ca-9070-4ac3-9788-e2d58c533498,0
afca2c05-35cd-4e5e-bcd1-5212985f98a3,1
22b33a51-90af-428e-b121-ab49d115873d,0
0dca34a2-3aa4-4f6e-93ed-bfda7bd5cc40,0
ca947f39-8b42-466e-87c9-0e3466483fbb,1
2003ddfd-450d-4496-a41e-c3a3be7b8608,0
76003f03-d87b-4541-8507-f90294327ce4,1
95a1765a-3deb-4768-b9ef-ce389d98a61b,0
a60469ed-1b23-42d4-b1bd-30362b829609,0
99dc109e-4b57-4416-8729-a5b555c2d5c7,0
cfe2e498-4b31-4faf-b91e-5b4ce4d5c772,0
88941bf6-f2a4-47ff-8a24-381ddc001916,0
510ac04a-8472-4eb5-a906-328b9ce0f07e,1
7e53b2e4-0b55-40e2-91a7-ee83700e1ae5,0
43f11379-89a6-4611-835b-99ed9ad80ef1,1
84303f07-9aca-44b5-92f1-c1885e26da5d,0
a96cc420-c90c-4d3f-8111-e51c865dfcb6,0
bf4dde4a-6985-4c35-85e3-5814702f7ae6,1
a02f1740-e31a-4090-babc-58f9fbdbd6fe,0
bbebbbfb-0546-4a67-957f-2caa02a3de22,0
6bf179a9-7c46-44dc-972c-90a6999b5b20,0
9fb9203c-b207-483d-8fd6-fa37b07b9c47,0
c56a3b87-a3b4-4a9d-b692-c8ce536f6562,0
81385bab-6670-49e0-a3fc-753bc821ab48,1
c14330a7-1f5c-47be-a4b1-9b03fcb26d36,1
bfa63d13-ff96-4cae-9373-cb2dcf43c3c0,0
af65c1a9-682d-4341-9263-0608a5f74a58,0
636aa78e-38b2-411d-9655-23cdf8ea0ef1,0
9fc4930b-29bb-47d8-8680-f5c0320353d4,0
3a41ff56-adef-4d79-a54a-5c6972fd4d87,0
389ca70e-eb24-413e-8b9e-ab824f9a320a,1
ff7f0f6a-d12f-42aa-afae-a4746549e3dc,1
cc0d0acc-71d8-489d-80bd-0a6f9e6ab97e,0
45b94996-4fe6-4a80-8983-03976173f98f,0
dbc13f18-ff2c-422a-9d06-bb7c55f70ef8,1
8680b87d-c829-49b1-8ef1-b6dee4ec69dd,0
7751cbf4-0e97-46a3-b88e-21d146e654c6,1
00d884a1-3bff-4002-a9a3-4b5422f3fcdb,0
c5f87519-de39-41ef-8419-6d884d7efcc7,1
62614da8-514e-4427-95a7-b070e046e125,0
a4aa950b-b145-4ca3-9812-b2a6a09f5218,0
ed8857ad-7d0b-4408-b5f5-f535724a8244,0
ecb723e2-8d3c-448d-a117-d4a2c44b542b,1
ef9dab05-4cd0-4bd1-b3b5-67b3ddd96b35,0
12470bb9-848d-4888-b3bd-3f2f2ec37252,1
cc7aa72c-3b39-4554-9cef-ef6e638fef3c,0
2715ffcf-ff4c-47f7-a02a-a9369bbd1267,0
2955dbd3-16e0-4f04-a43e-d2c2af1bcd6e,1
e05c3042-4f6b-404b-96c0-c7cb63cee0ae,0
fd428dd8-19da-4cd9-93e1-3e37fdd49ee5,1
0edb44ba-56a5-4527-b694-489924ba5f9c,0
f0d31949-3993-4739-8da5-cca4f7ff75cc,1
922b27e6-0b81-48b4-8b6c-f3680fd74e9d,0
a0f4025a-ac06-4013-b813-6331d16bbff7,0
a97acad7-37cc-4f88-a82b-e1c4535cf30c,0
e237a691-221b-48ac-8af3-aab107ffc9f6,0
f38d9e32-d6dc-48d4-8610-95c9d7171ac1,0
106ebaa6-83a2-42a2-b0fb-864f0e7dff53,0
4aa40196-c822-4e4d-b1b1-d345117e0229,0
02aa5f79-88ee-4fa6-ba51-c998de330a9e,1
fd2ba617-4c8b-45f2-adb7-8287b283e7bb,0
1bd9f91d-a357-44de-9466-eaf68ce740c5,0
cc9a826c-1245-4445-877d-d38492c5cfd9,1
0b4921f7-b4c1-45b8-9100-babfe197055a,0
69e23d4b-208a-4e42-9720-302c691cd155,0
6c1a7c43-8a75-4789-a92f-0c85c803f649,1
0cc80fdb-185d-401f-a847-474dcba791a1,1
1dbcb984-f56f-44c9-94e7-020a0255a7c5,0
dfd50020-5b28-4797-8ab2-29c579f0cdb8,0
060a1920-0481-4778-a875-0e506d1785cb,1
48663842-a95b-4516-8cbe-ea64c7ba9580,0
5c1a0fe6-9be2-48fa-ab13-f3700cdd239e,0
1ca3ab0c-f7b1-4f2b-9742-c4da7d09c020,0
9b2bd9e2-4e4a-4766-a41c-fe57d6aa84fa,1
b0d757eb-a748-4c12-9e02-bdd2229122b1,1
5729f643-e9ad-42eb-8229-a430d2e7e263,0
3026beb0-9389-4fe6-8d5d-5de853eaf9b7,1
63a290c8-4f9e-4cba-b8c8-7e94203093b5,0
90a52636-e517-4451-b9ad-f588339b06b2,0
ace39e98-e46a-46ae-ad3c-1031921b6cab,0
3a4bad32-eaee-49e9-bd52-9c2ed51071d4,0
c78bbc97-9379-4b59-93d0-47b70722ea2d,0
5185c154-9e40-4bcf-a401-d927cee6d1f5,0
ebd8c415-eb13-4807-befe-2c65f4186d88,0
f529335a-5265-4604-8fbd-87f94a9a95d8,0
6c17323e-9dfc-4afc-ba00-8f960c43e478,0
f539c721-2716-47d7-863a-81bf01c4e1f5,1
b9b9e504-5712-4312-a9ed-2aec415226df,1
dd114a59-0296-4b9a-8278-7978e40292a5,0
c3cb42e4-2172-42d7-9f73-377cbf1cfdba,0
e447bb7d-0bb0-4c13-b1fb-5af65f778876,1
782ba183-fd3d-4b64-9092-a19e3a788fc0,0
7fe326f6-4522-4010-9675-e0c4d5d726ca,0
4e728f50-b21f-4aed-88d6-325d1c8c0363,0
05b448c9-0518-40e6-ba10-f3d316583aa8,0
ceb92e61-b946-4c62-9ff8-ff96786df014,0
9a422a5d-209a-445e-9182-ad35df32a0e1,1
02e3931b-50cd-4b5f-86e3-ef96216abe91,1
c066e001-bc84-46a8-aca0-4f969e5a47ff,0
9fbfac5d-0140-4765-b2af-2a59b7fcbd1f,0
aa958016-bf51-4ad0-8ec8-8e583845c789,0
a567dc85-4528-481a-bbab-b6ff91bb7401,0
bc487997-ddb6-4b2d-8472-66978bcb53f5,0
792a7f1a-6546-43a1-a32b-3fe86c9448e5,1
7324a030-19f6-43a8-b2ca-93c6b687eae9,0
f68142c8-d44c-42f2-98b7-2e357c5c3d6f,1
1b0463e8-d399-4dc7-a01a-3d133f4c7b3b,1
66d29b95-9272-4537-917c-f7effb1055eb,0
d13b2388-2ffb-4353-9afc-edddb3ff3ce3,0
0d049dd0-45c5-4259-8ea5-5d7a703f4a32,1
082e17b8-01ad-4e88-a67c-8986fa11237c,1
5105fbb0-1a65-4980-a178-c1a4676a92a7,0
9aa690ec-28ca-46da-a32b-65edb531c409,1
74f8fa8c-01c3-4901-90bb-506025d9ed9f,0
8e346c1e-3115-4223-b92c-60e5cf2335ee,0
5cb41bb4-31a0-470b-8162-266df639cdcd,0
ea9c5a2a-079d-49bb-a6f5-18209f05e764,1
41c27eb0-22df-4332-9bc0-74736752ef9d,1
56d2e862-2ac5-44b6-8cb6-ade3d090d9a3,0
b7ddf4b0-e467-45d4-a208-064fbd0de899,0
6ce93dda-f330-46a4-b686-a1ca317b0375,0
821a4c75-58b7-48bd-9e9d-3ac5ebefbf1d,0
c9a738f2-d6da-4e2b-9e08-04f88aa6eee8,0
872f400e-d116-4d22-afe6-ac99aaf2396a,0
8330da99-bc35-418e-8cfd-bfa35996fd6f,1
5cd12165-d348-478f-8679-4f3995d47da8,1
584723a6-5c81-4564-902b-a3da1ea21a32,0
77bc8f45-673f-4e65-9f6a-335cfe4aab1d,1
c53056e1-03f6-4c48-91cb-8eb8f62884dc,0
c2214024-9a43-4303-a5d6-fcc2fe403bfa,1
9d03679f-36f2-47cc-ab62-fa15dbb4b234,0
bac9d088-2ea4-405f-92d8-4c00d70bf318,0
e9b335d8-b9d8-4143-9cda-3b4ac9be3de1,1
d080f6d7-a7a8-4cd8-b54d-1e8b22dc3dbc,1
8838dd87-8623-492e-a944-57e3a3bc6c26,0
be481306-1f53-4bf5-86ff-d72153048035,0
bb4f6741-484e-40c5-8259-8a55dc39de04,0
524989dc-51ef-4d05-a37c-e2c0486f5140,0
93298068-9453-40e7-8ea7-91a7f4663acd,0
6855f4ba-781f-4eef-8a27-ff1010652d9a,0
6594a737-ada3-4392-bd12-33acd44597c1,1
ea2936ab-4ad5-414a-aa6c-2f7536630ff8,0
fa2057ea-53a8-4641-a9bb-f8b5a387ece1,0
5f1e03f4-c351-4c83-80a2-3a5fb4407915,1
56092e59-081b-4038-9a1a-308636f555aa,1
92e20fb8-639c-4ecc-8302-633aa723b9df,1
cd41535b-f714-406d-ba98-a3ab17be0713,0
843f82f0-ba18-4396-8e10-c7245b523951,0
5c6bf719-5c77-4404-b83b-e99d5c5ec4db,0
7a499904-9cbb-47ce-9263-2b80e64d8087,0
d4077d17-1066-4ab3-ab6d-1f197ba44c11,0
e3374cca-e703-41c7-bed6-46a85dec6f86,0
f7d54267-7012-471e-81e4-9ede2b3494f9,1
3be18cc5-b9ba-4419-bd6c-d37f88508088,1
c35665f3-6de2-4b7c-bf4e-5ca3fd5f21f3,0
a3c97986-1343-47c2-b9f1-e2287cb91c2d,1
e4bc2f17-93d3-43da-8995-28d1537fd4f6,1
fa35789d-ba06-4137-992c-31a066ec596c,0
ebb96682-519e-45f1-a904-d6add5e68f01,0
ffb7489c-5195-4a41-8fc4-be05184af148,0
3793c10c-5f43-4c3c-aea2-ffd7b7a2653a,1
9e7d5071-af55-4e9a-bf43-cf8256ce24a8,1
c61f211f-23a9-4e95-aad3-be9a0ae05ee0,0
2381c813-19ce-41b4-be22-a413328c037f,0
e5bc307f-e504-4542-8998-ae68b4fca55c,1
9e0e8386-420a-4391-8ec8-219f56b3e722,1
bd3498dd-f952-4a8f-893c-8da12939c37f,0
0de68fec-2a47-449f-a8e2-1578e26c7440,0
96c9857b-8192-4e0b-9430-f15b5d4a33dd,0
4088d743-d633-4b34-bf1c-8156ed461ac3,0
3bd62f3d-444d-4abc-af9a-0a9f1edf256a,1
638af883-be50-44cb-9c9e-604852b49740,0
736caf01-4678-49a0-8652-cc53e2765f80,0
b450d771-3fb9-43a4-9844-8c0eb69d2b4f,0
73c19176-c38b-49de-87e3-0417541c3c01,1
caf71367-3f44-46ee-98f1-8e0988be78c1,0
23c542a6-c00d-4ae0-9975-9a6cf0e11400,0
5243f4ef-c7de-4bab-b01e-604015336ba3,0
17070474-331a-4470-941c-c88536a96e77,0
fe17d6fb-5de0-4b32-aeb4-a60f33ed1d70,0
c30bedc9-d7b5-4a6e-81b3-b370021e8bc5,0
33c92746-6e88-4e43-92a1-14b6e744798e,0
2c520198-a27e-4031-851c-c5b38dc15b5a,0
7a9c8f9f-f265-4812-b8a3-460b2a6147ba,0
36dd6dd2-65a6-4410-96a8-834ba38e6c4a,1
c202e8e7-bfca-4053-9747-764766dc9d89,0
9193c822-2cf2-430f-9373-c850a89a6e85,1
98bb0dc9-3992-4d5e-ad79-25e61f5b1fb0,0
ccffb46e-a20b-499f-8b11-602aca8fa99d,0
bd9de597-bb60-4df8-93ab-8cde8b4db921,1
687de9b7-27c9-4760-ac4e-8264e5f2c768,0
3ad5fd62-6529-4dc2-8a03-ec620dbfe90a,0
5109c9af-e4d6-4eeb-a5a9-97673c6bf40b,0
f61c2ce7-5ac4-40a2-aa6f-7d3f6e0edbd5,1
18398868-570d-4435-ba33-05597370fd07,1
a2d818a7-982f-485b-8ee2-689fc2b07a96,0
6891334c-3d6b-44e0-a731-918332d3fb88,1
a85715be-9b5e-4b30-a996-b827d3244a09,1
f8baef80-2476-4378-b399-541170315aa8,1
af608181-9761-4651-934a-53e177943933,0
66112aaa-73e3-4c44-a037-7061703ef434,0
7a4c7da3-1429-48bb-81aa-a89d03d0ce04,0
3ad67a95-42e7-4fdd-b9ca-8c4a593294b5,0
4abd533e-8a55-44fc-9ab9-ea4511fb84e2,0
b10bba15-6fca-4564-85f0-e6f169600b25,0
2a887079-85f8-4228-8ef7-a5ad8110a49a,0
e3331607-d6f0-4421-b5f3-a36e015523e0,0
265aa39b-fc43-49b2-99c7-13c7fd280892,0
c41dd307-da20-48f3-b08e-e53eae938d50,0
f1819eac-fac2-4940-a74e-6dc6c6495940,0
a06f7e39-9cb9-471f-a259-aa2a8c8d70e9,1
10d94cc7-1087-43a0-8f31-53bf3a18602a,1
bc1c1666-6c46-4254-934a-aae39a71294a,0
64abd56d-946a-4ca4-9794-36c759709dd4,1
bbce161c-b4dc-4a1d-a456-3a761f772190,0
2ef2e8be-9752-4f55-93b8-1631c030c3a4,0
ed5e7986-1b31-4181-9cc0-62a1b652f5f0,1
374c795c-0ebd-43c9-9c94-7f66ef098da4,0
d6cb0338-0052-44f3-a9a5-ec26e763b0a4,1
64dcf81a-1128-4d3d-942c-01610890a417,0
436b8441-ffb8-4274-a2cb-f98cab69912b,1
a1464d1a-1fee-41e3-a50c-d746ce16e3a0,1
156e2b69-65da-45d9-9fc4-f757b9a2e245,1
b610a9a7-2197-4701-b3b9-aec19517e899,0
90611dc8-0839-40db-856e-72fd98a4e2d5,0
e001d46e-dcc8-404e-80f1-d23baf4257b4,0
61701c0b-c9e8-4444-9c7b-263e740ad082,0
0ac5bd36-a228-4b6e-a650-455b2f599a35,0
4f9b9a70-5d5f-4781-a4cd-bc1268a8de0a,1
550c3c33-90be-4b64-a282-eda9e557ea44,1
b431e23b-2b4f-46eb-9092-61d25790cba4,0
c055a2cd-275c-456b-86a5-0579af79498d,0
6d9c19a0-c639-4213-b41f-65013a3adc55,0
f289410f-9b6f-4660-989c-15021f609499,0
f12fd271-728a-4d69-8530-203c6e2b0764,0
151921cd-1d7a-4f77-990d-02e2b2f8f7fa,0
47709b6e-e84e-441c-861a-7ca3b4ab8c3f,0
3a481ac8-69ed-469e-ac94-1bb144905566,0
704afb66-62d1-4d7e-82ac-9b74355e3579,1
ab95d34f-20af-4f58-963d-d9c9121db6f6,1
896dd3df-aef1-438d-a7d9-db387dd97112,1
52bab1e6-c20a-4382-9abb-58e29a8bcc23,1
903e7849-e124-4d3d-8975-88c4f693392b,1
d318d6f8-2c88-4f29-a755-189790209089,0
cbb84876-bd9a-4571-9dba-dee5610ca2f8,0
5be115a1-7972-4efa-9166-5080e6ff9b0e,1
9d5736d9-b5bb-42d8-9992-320aa98fb393,1
3cc0ff21-836f-4898-b5aa-e022b8fc9c06,0
8ee7d8d5-fbc4-4d3d-903e-90d9f4b0a7d5,1
501f4c39-ab9e-4a79-a33e-d1f3316b4cac,0
7f579075-3f36-4653-ba85-032c35385146,0
238b72b6-937f-449e-8640-bd535071fc82,0
6755ef68-2160-43ac-a933-290345e7534f,1
3d3e1233-e6ce-4337-aa1a-5d4eb84f9aa4,0
b943617f-dbeb-4167-8fdc-fe1afe5060da,1
fed30154-3938-4d34-aab2-d5f8e1f0682e,0
64e6c4d1-100a-4aaa-8518-fe54b58e295b,0
716f08c2-dd28-40ab-8402-7f45e8e3e5fd,1
a5d94a5d-9ff5-4196-8069-9fab961fc1d8,0
a59b740c-56d1-4ff6-91fa-35e07c315063,0
5f3eebf5-48d6-4cdb-9c11-ab93940802e9,1
26b98389-f480-47be-868d-5ecafb265cee,0
4b36d563-3e55-4cf8-afdc-a92c01952908,0
0e74af0c-edf8-4b79-b38b-b2e05c3c9d67,0
06447d3d-5a1d-4a9c-a768-48841aa5e0db,0
9ae98a03-bac2-4c57-a052-48c95fc625d4,1
71bb7a37-8d81-4fb9-a9b2-d5226b3706a9,0
2400db7d-e979-4589-b5f6-54b3751b8d49,1
11676b30-a15f-4808-8eff-9d345489b58d,1
d91127fc-5088-4675-b87f-7b7e91acc21f,1
4d87d310-a751-40f7-9d8f-4c031835932e,1
7d504526-3957-4e65-90cc-c6c36dcae7be,1
a38380bc-0dd7-4756-988b-7b67a8caac75,1
a6271cf4-f2b7-4b62-b27f-5b8555fa4fa8,0
9dea281f-714d-455c-a4da-4ff01d3f0958,0
26e410f8-9bd2-4b4e-8cea-eefc9e0d6db7,0
cb52df7b-f64c-45f5-aeca-e6e50175a78a,0
bfc996d0-7815-4ca9-9dd1-1ea3284d1c74,0
c4078bf8-3f04-4a44-98e3-859236ce8fe1,0
a7cf13bc-47e4-4de6-9ee9-32db00cbaf6a,1
84c6d5de-974f-40a2-9693-0ed199eb9bab,1
87c4888e-b775-49d6-9048-ad25df537aea,1
eda1b3e1-dd1f-4b6f-89c3-da7bbb8ae7c5,0
4f100dc9-2b35-4119-9a7d-cc18e1de1b69,0
94a928b2-e5d9-44c8-9996-740b26bd2782,1
19d7bc89-9fd2-47e5-8303-1763a955ef69,0
d9832e1c-284f-485b-b52f-0a65434780f8,0
e82fcf47-24ba-4965-b509-bf11f19a0a74,0
c799ff20-7ce3-438f-a713-05824b46bfe7,0
bfc7f117-03b5-4caa-9a21-f3bf6de7f933,0
cdb03823-2dda-49b8-9472-e7d783734ec9,0
8fcfc988-ca20-4374-b61b-310534453547,1
cfd3e465-9746-4c2a-8c74-a178a95c81c6,1
cc5f975c-fcc4-451d-94e8-717e5224d5c3,0
2d0e6ab3-d820-4ef1-a2b9-3ec2355a7543,0
9256fbcf-c182-4be6-a8ea-79f5f3b91e52,0
4abc6c81-5897-403b-a6ba-77192963a4b6,0
c295a538-b02c-4dec-a79a-8695063527d4,0
69d02914-e8b9-4eaf-b1a8-c3f350ae35ba,0
009fb5c8-8179-4d6a-ac68-960a9d17d680,0
23971903-5cee-4535-a7ae-90b83308dce8,0
39c1f823-b900-4c2a-9308-66bec962c3fa,0
5d6af9fe-562b-4e20-9335-e6b8d903ae33,0
b2146b7c-58ce-4b04-b541-4ff8b5c2fe5c,0
6eb539cd-8ab0-4039-b5ee-e03b9d4a2aea,1
7d00cf62-ea88-4b3c-8357-f1803cf80f2e,0
2564dfa3-dbf1-4500-a990-ef2b14c9fa9a,1
b2148dfb-299b-49cd-92a3-13288f4a5b0e,0
9d81bc9d-3a94-440a-892e-a7cea196180b,0
2162e407-f319-4b1a-bc75-d28ebea6cc84,1
8ac5d990-aee2-42d3-8500-d14d140bd52b,0
f198f62b-0944-4615-a169-194d0851ca4a,1
d995b8e9-0b27-49b8-9a47-6fec419c9ab4,0
e96bc744-7595-466d-9fe1-9f8f485fe3f7,0
20f3e175-5120-4538-ad4d-4c062f02167d,0
e11d150a-00f2-4fe7-9f21-c700cd482df6,0
39c2f86f-0e1a-4d36-8bef-da1b332d9692,1
d3edfca1-b67e-4ef4-9308-444c71a470af,1
84dddfd7-776b-4aeb-8af0-c42df6540f5a,0
acb053d3-56bf-418a-a192-36f7623b9b12,1
820c13f4-ca91-4986-a808-a87aab216faf,0
0c427f73-0fe9-4101-823a-6de82e6023d2,1
99c0976c-c459-4384-bc47-bc6895e593d9,0
0cbc0d6d-2a86-4018-8f77-bb8c6dfc5b2d,1
ecb725d2-4250-4877-98ff-288a619966de,0
9fe664b7-c6ee-4331-bd16-5b6a1688bb89,0
52595fa7-73b0-4137-a466-9931316ba0d5,1
cb9d0020-059c-4cb8-b8bb-174e7a9f7e2b,0
9e5c662a-fd78-46cd-843d-5bc39cec8ec7,1
5dc1fe53-1f89-474e-baa3-7d82982e1d7a,0
ed99af37-60ce-49a8-9314-f10f25b6b106,1
948f30bf-1817-4c36-9f02-167bdcbb1393,0
79105da0-1348-49c8-9956-13d245f6f65c,1
0d75855d-a42b-4db3-845e-ee7a28c7f6d3,0
c7fad98e-1028-4afd-bd64-373b58b79d28,0
e5c30ca3-718a-4585-96a2-c905f371c59c,0
a14a4d89-9be4-4a33-b5c0-de5d0c5d13db,0
16672718-9181-4c95-b4c9-9538d3961dd0,0
631deb98-f3f4-40ab-b888-6d8aaf0531d1,0
35e494e9-7c84-4979-a563-ea224c794735,0
c1b23e69-08e9-43a3-b2d3-6f228956cbcf,1
a7df86ad-f417-4bf8-9cd7-c3be3ec845f2,0
94b1b35e-db42-49c9-b226-377e06d084d7,1
666fe7a4-dd82-4948-b512-955e2aeeea95,0
9aa1b76f-331c-4c1d-a42a-7430aadb709b,0
b334ceec-a888-4db7-b922-c7e04d759b80,0
a3135c0c-cf86-4a97-b099-d52c6be8d239,1
72bd7485-5eaa-4d31-92e1-b8f49061962c,0
7303b43f-cdc0-44e4-bb22-3f02009be895,1
e603ba8f-1da6-4993-8491-58fcdedef511,0
130640c2-8bfe-4aed-866e-9d1a3a459fc2,1
576402be-09a0-438a-bd37-2c9898ed3f1a,1
9b60cbc2-f005-4600-9fbc-1e7d49909eac,1
b7bc318c-be9e-4986-8a46-76ea6ee88c58,1
4853cb3d-87a4-4468-9203-c8dd38467899,0
92875ce0-efe2-4483-abbd-a9881f6f5984,0
4c6f2bb5-6d30-4f75-ade6-90ef97afb0c4,0
a9635de0-ade1-41ef-87b7-7b13e4ec25a0,1
922ab82e-32ce-4907-b38d-98e5f0f7ccbe,1
a609aae4-fa35-4553-a28e-4686fbf0a531,0
c1fae0d7-378c-4bba-bf5f-f00ca9b9facf,0
c7638a58-f439-4406-babb-f3afb21d75df,1
cc196d0b-aaa8-4ef7-a9bc-524037d77669,0
a25af9eb-6c7a-440d-a04f-b53ba1bab7f3,0
cc96fb50-1f61-450e-b832-a5a88b7e6fe3,0
9ba4b1e7-cbb7-4891-a901-2f6da9b49bfe,1
d17ee0ac-481b-4026-8052-63c919a01e21,1
76db7026-1499-433b-b991-8ec7c91b9ccc,1
5cf41cb0-ed36-4363-a545-59450d5f4a09,1
7ac095cc-db6b-4140-b482-dd151f93cf5f,0
47a85ec3-aec9-4737-a0da-788f96300750,1
d3d6f2a9-4f30-4435-ac5a-2616de87b2d8,1
de157412-8d34-4113-869f-11b8cde0a061,0
735aa7e4-48b1-47df-8b58-419dc894b2b5,1
feedc215-7084-477c-8a60-4a7233154d30,1
32f16fdb-4232-4cbf-9aea-57309e8bfd58,1
2c07886d-a123-4989-9b72-6335999c84b4,0
c071621c-3d95-4db2-a06b-778be1c88686,0
2902b46a-3ca3-4790-a72a-f5c088a2a538,1
ba4b00e5-994b-4f38-8fee-03cb5dd4590e,1
7146a3a7-6608-4a1a-bd56-1ac4795d28de,0
159578de-84e6-410e-b20d-400954e1d842,1
75b2f417-6045-4d65-a23e-d6d300fd03c7,1
8b93556d-bc55-4063-a543-d0f8bb1cad54,0
97a31803-bb9b-4e4d-a24d-3a0deca87c0c,1
e3b27b40-3e52-4813-9746-5f0af2b73a6e,1
826e9480-e331-4812-8cc1-869eec6652e2,1
d632c8ef-12cf-4158-8dbe-0dc7bd3b49d3,0
c9a2e3f2-15e6-4b76-94c0-d90e64cb79c5,0
63b39b51-b260-4380-a86d-722d63b3bd0f,1
040b26c7-548f-4b87-ac5d-711fb9162c1b,0
750e1d5a-746a-4497-92cc-88ebefd3b478,0
6885c633-1009-4c8e-9243-f3d386f6e8f9,0
106661fb-56a9-451b-81a7-749378a1c1e5,0
2f678fae-c939-46cf-b76f-2fd88e6e4768,1
b15ddfe5-dd51-429f-ae44-6e5c53f0b0ec,0
6beb38c9-7667-46e1-9bb3-e1813bd3f276,0
4487e5ef-729f-478a-9aef-3e49d96b2af4,1
c7c23314-b911-4375-938a-d3ac840a0711,0
b928546a-88ee-4dd9-b246-ee2f31a99b4c,1
26d19a9f-7a69-4638-bac9-71505a01b8d3,0
4fbe4016-2d24-421e-97f4-25c7f739477a,0
772456c0-9f4b-40fe-9c33-da63e28cd69a,0
651ba53f-c35d-4ad6-8b6c-0b6bb5916346,0
93b30ba6-f859-42ac-86a2-6fb47bf9b9dd,0
59327fe9-35a6-4233-8dd2-ea50f8db1706,0
e98e0adc-5bc2-4bfa-9fd8-33999db7a018,1
a723b843-78ff-4e39-a190-c7c1469f4b9e,0
8da98338-f441-4f5c-b262-f9ef4c479d4e,1
4d54589e-b801-47b4-8f39-e8dfdd623e57,1
5771345b-031f-4bfc-a747-c12ce8c03565,1
073a7afa-c9c9-4a23-bfdb-74f4976cfd50,0
4fa96c6a-6991-41a4-9dcf-d49596952998,1
f25b9637-afa2-4e3c-bb50-b6f5bd770df1,0
ccf30de8-57ae-41a9-aea6-357b195d07b4,0
9907b4ca-96be-457d-937a-b355f3a4a999,0
a32bc367-dd35-4ce5-bec2-ffb02b31ae76,0
7b105394-d28c-47ab-b537-bffdcdf13dde,0
aee139c0-f783-41d8-8dd1-6dd78e5456d4,0
3fee742b-3c35-4d93-847b-679d9922f599,0
c03b1960-18fd-4909-84c7-9773109817c6,0
83b917e7-30e9-4571-988c-df5fa898550d,0
3292cd7b-ad54-419f-9d61-f51939fb62e3,0
b2204e76-33ad-4e48-801c-1edf1e459f10,0
ffc5c742-4c1e-4030-8ea0-8681d7f7a5cc,0
5c59bd3a-540e-4d12-a322-836f3b6ceb05,0
a1f996a5-5e74-4aa5-a83d-15ef8ddbad04,0
f10e21ff-898d-48d9-8d65-60efa4a57ec3,1
a1aefea2-ab70-4ecf-8a98-1127e5a5762a,0
a097859c-61ad-4cf4-9e10-ce25176f416f,0
632c61cd-4fd8-413d-a1c1-53f6ee34ff40,0
cca06d20-653f-4af3-8230-e2d740dd68f2,1
4b4ad71c-d957-4e4c-bae1-1cb5b04c3bfc,1
03662ae0-c172-4be5-bab3-9ea85e00b94f,1
fa8cfa3c-acf6-42cd-9257-d7f8491a9415,1
21a066e7-ca16-4066-9dc8-c020df61010d,0
37dd58d1-2769-456a-a70e-54f3a7762699,1
06121d67-d64c-4d84-9e75-720e5575b9a8,1
d5f2c990-f49f-4c27-a025-312af5a2bc1f,1
964fbdd0-e238-4b0d-889d-38ff3e9b2313,0
a18b7063-8794-4dc0-ab4a-05e2ee0e3b70,0
c6af726e-0912-410e-bed5-4ae902d3d759,0
89b77907-c688-4c8d-a463-f5197c993a7a,1
90598282-9918-400d-a188-1cb9b4955895,0
aa19c175-6fbc-4909-8cb1-b4416fcb51e1,0
1a22b574-b120-4938-a1da-abc199bea616,0
11b0965c-792f-46bd-93f9-72dcb17dd6cd,0
2c1f7978-440d-4609-9f74-a4c3f24b983a,0
b301f188-dfc6-487d-a8e1-f37bc891b4dc,1
32fb1250-4ecc-4a51-9b11-ba620d63a9df,1
1bc8feb0-5205-48b8-b9ab-120ff8a8ebd8,0
4e4dd08e-7f70-4e3f-9351-44e9277cfc59,1
7ae935e8-6fb6-4349-8eab-ac9182c3d33d,0
829a00ae-1079-4192-bff9-9fe61530f400,1
fb8f34b3-8593-428c-aabd-25b6e2e10dce,0
fb965c65-10af-426c-b99b-b152e3e22c5a,0
a16505c6-63a3-41ca-abef-130105a43ffb,0
99983b49-3d9c-41fb-8566-3b321460bf9b,1
f961b4c6-7cd2-4853-8c7f-9f28ea37ae9e,0
e96b4cd5-ffb8-4a7e-9693-2e79b0a205cb,0
63cecd8d-fe48-44df-ac1c-b8aee953104a,0
b3e2326f-ff8c-4796-9c62-2c9c427a33db,1
abd60c62-a8d2-4c73-952c-bae53f15a42e,0
a0557bcd-5ea6-4931-80b3-45de8c607e6c,1
f8db6134-9fea-41d2-aea7-af6315ec3993,0
027af183-48e5-4224-bcb2-b39f9bcad7a5,1
cbaba54b-de68-43d1-8473-e0ffae61bfe7,1
876de8b1-660d-4ce3-a18c-d3b903ac65fd,1
8115a1e5-56ef-4db4-87d3-890ada89b363,1
8eb7dd43-dc77-4f59-8ae4-5b07a02ea9bd,0
5b074d28-d23c-4e84-857f-549d32acb981,0
90124de7-ee38-42fa-9580-0a80957f9d88,0
24e3f978-c364-43b4-af38-3a860540a7a3,0
4d762db8-abfa-48da-ab33-d7ba234f15c9,1
215abf51-0c7c-41f6-b9f4-77de7a9027f7,0
182a6a40-94c3-45fb-8f82-4ac5ddb8c7bd,0
bb3187ae-4d5b-44d8-9025-af969d49083c,0
d7129d08-c511-4ab0-968c-b6076b3f3d84,0
3c2de8eb-b16e-443e-9d78-7c20e8cabfb4,0
8955a2a6-e699-444a-944e-6b045368c9ca,0
046b4509-9ff1-42a6-b1c4-bb91f8fa8e10,0
14bfdec0-b32d-457c-9b96-c43ee6314ceb,1
a943bd3b-61b8-4519-a0cc-37b1131a11f9,0
e8114384-de27-4bfc-a2e4-740f14ac4d7f,0
196e73ad-a792-453c-9c5c-66f7c61f118e,0
e5aab335-5265-4ee3-abf9-92639cf98793,0
91943fb6-7d37-4c7e-838f-ed32094d20a2,1
8ead46b6-6671-4007-b421-05cbe57f2878,1
c4f0fda7-9cf3-4182-acb2-c6d86b32de69,1
7d2826e6-53ce-4f4a-995b-b6c67e3f6021,0
e28a02c6-63db-4a2c-83d0-228ebd3548f8,0
54f385b7-4308-4c5a-ad7b-8c9037aadcf8,0
c17db347-b8ac-4d35-b8fd-e2b529ec6d9f,0
53e33568-b270-49fc-bed8-ea9e02c4db21,1
9b83bb18-e246-445f-8200-bfc3005b1230,0
1d296e23-407c-4ab8-9d2a-aa4f7237ef1b,0
62837ef3-baa0-42a2-9863-aeb76b575980,0
ff4874f3-c454-4449-acbd-723cb6ab7cb9,0
1c902d60-40bb-4222-a67e-fa5106366ff5,0
b2753041-f26b-4969-89f4-8fc017256cbf,1
7aba1551-b32c-4fe2-9662-5cb35b83ee9b,0
92b118fe-48eb-47bc-80a4-106311c30e15,1
468cd6cb-1f99-40af-ae22-5d530eb78fe8,1
6d06251f-4c6c-41e6-afae-2aa352f4eb1e,0
c60cbf26-c338-4c9a-9bc9-d6d55b8f40a2,0
ce770757-37cb-4485-ad4a-15006b5ce0b8,0
9d934b5f-6bfc-4525-8556-53f8f14d2727,0
d4c4eb47-4925-4927-b1fa-ec4fa58f2c99,1
7eb1ebb0-e9a3-4582-b951-52076835c67f,1
28f788dd-50cc-4fec-8ee7-f5ed15e809d4,0
4829f4f3-719c-41c8-9e8d-0c948c1aca95,0
641c1389-7dfd-4593-a734-7e6a56961659,1
0a917ef9-ab10-4b4a-8df0-fd504ca6668c,0
1dc2e1dc-0bc5-4b27-b01c-f8201e29d2b4,0
1b5335e0-76ae-4f55-9009-5850ce4dde58,0
619e09a8-9196-4702-aefe-e27e0a539237,1
2c04ad22-e332-4e96-8d59-44fca8d5fc00,0
9905bf59-19d6-444f-af52-c33fb3d2abe1,0
a6517c78-927b-4add-be7d-743b8c021ece,0
1968cdff-721d-4800-833d-fcac8ef08fe8,0
804022f5-6600-4178-860e-cfc295abc9ec,0
f4e0cd21-59d1-443f-9636-511cd5e1c9b7,0
2ca2579e-90de-46fe-93ec-01ae34393c1f,1
0ae3ecc8-03cb-42eb-a238-8d63155e1c4e,0
a0c4bf5b-7176-4868-8d1f-907bbdd9ed94,0
4a294df2-6756-452f-9229-06a83a925e85,0
557cdfd3-1308-4c17-8662-fab14c4545c2,0
d28d401b-1ef3-4d75-bcaf-5e9166885057,0
4a3ebe88-2953-4b7c-9a2f-7beb2bb0d76f,1
3e68e406-ebac-4955-8c25-450e16765490,0
88444e12-4246-48d7-b805-17f72bac78fd,0
88c7152e-b403-47ed-b68f-68ee44a1856b,0
8d552e8c-d2db-4c64-9208-3472a2bd0f5e,1
fb178b70-8ae7-4f83-90be-81b660fd5692,0
bd3c66b7-9eec-4c73-b8d5-c9e83252ba01,0
e8265e2a-d3ee-4b87-aa04-d1fe6eaf2a71,0
8eaf971e-93e1-4fcb-be0d-efb7c5a80457,0
22ae3749-160b-4a3a-a0de-949308f70796,1
e9673b6e-3a87-48cf-ac65-989152c2515a,0
1d5c93ad-4533-47e9-9b20-72288e20f4d2,0
eee99c02-206e-4f7d-bed4-8f0a09081295,0
bae18c83-f924-462e-a0ca-6eaddb26d8ab,0
925f07dd-4958-4ed6-874d-c976ebd4cdf0,0
142627fa-719a-4be7-bb48-e7871011c8f3,1
fd29d9ce-28f9-443e-b494-5d2f33898e7e,0
5196625e-5ce7-4457-842c-48567a845eed,0
8a6f2cd0-be92-478a-a440-e518933f19e4,1
7a3d17f6-a93d-4d19-9fec-7da39d9e625c,1
e79fb662-b490-40c5-8106-3e60e84959b0,0
bc3fe688-1111-48b5-bede-4ef2a4870e1f,0
71fa1bbf-c655-4909-9ab2-3cfbcbcb8aeb,0
c4a1da9b-abd2-44d9-9b58-0af1b57e8c8f,1
4bea06c3-fc72-4d37-8743-f0f50a048683,0
f5a97424-2876-4dec-bd04-1e3bcf14ca9f,0
2f30fa84-4d30-4866-8ae5-0f656da1557e,1
88703c91-2af9-4393-848e-e29723d180c0,1
92371c65-0498-4aec-bd4e-24a7fdfc410d,0
5e1cd935-5dbf-432b-8f46-d24a72be7a25,1
6403aade-00ba-4d10-9ae9-87772eb41d7f,0
f240f769-e03f-4b08-af2d-b791903f5339,1
20ee1f15-f98e-4f9a-a4e7-06b9938c81b0,1
b99c22c6-b704-42a1-9f47-185ca0ce75ac,1
92754ee8-18c5-4524-8e7b-5c2555fcf4da,1
5f8c286b-9815-4622-afb9-a8675acf3dee,0
f4625a4a-2ecd-4752-9ce9-f393df7c3381,1
a1186038-a58d-46d3-9e95-e298d0e772f0,0
2a32ccf7-b9d4-46bf-b0f0-4386b5587849,1
0436bf5e-5c7d-423b-9393-0b28da3b42a7,1
9416dab8-36f3-440b-8129-cb57392c1673,0
4b777045-dae2-4555-a8c7-4b1380fabf7d,1
1148351e-9ad1-4e68-85f0-668b95a10168,0
90acb6cf-2e12-4eb1-a394-5fa488dcb78a,1
5d9248b9-1bde-48a6-a69c-baa9d02bc129,0
11308c70-6c3b-4ed3-ae3d-82de63e0bd8b,0
ede04b68-444c-4164-aa6a-02c186d19144,1
59e4b3a3-e112-4412-8a4f-507ed665bd7c,0
14ec1f43-8286-414b-a890-9159728fefbb,0
af77f70f-7108-4662-834c-d576480121fe,0
4a4c62e4-b690-4d31-bed4-50054f93581e,1
36a1aaf0-2c15-4cb0-b53f-da39550707b3,0
9589f85a-0a0e-4633-b76c-98c872e27c94,0
03682a49-0e86-4531-a9cb-6363e56d544f,1
5cf2c9f8-3312-4b6a-afd0-f3b420d298b9,0
7c459f9b-4632-4aba-b50e-a0467b707203,0
c9866ac8-8e49-4948-9894-b44a39bc5731,0
4030bb17-dc1d-4eae-9836-438654d5467c,1
f9604372-dc46-4378-8ee7-0efbbb5575d2,0
d4e5b2ca-f9bb-4b87-b281-2a28088b8399,0
aebf2f74-d0dc-413f-907a-3b3206c6461b,1
50e54166-3dd5-496c-81bf-8b79f4e0059a,1
4706b5a5-12f3-4fcd-a53e-c9a20f8e985e,0
3dc11e7d-44d7-4735-a26d-be0418cbd11a,0
fccfa778-eb87-4c03-ae65-1c44a9fe3c60,1
3fd05e7e-868b-4a6f-809a-93ff55d1ef6a,1
fff666cd-e20a-45e7-9aa5-44fb532848d9,0
aa637028-e8e1-4515-abf7-41acf0e18857,0
62154e9a-bb0d-4268-956d-cb4fa290449e,0
c094cac8-f253-4bc6-9ffa-e0d7ea5fac95,0
6db26c33-3cb9-4847-ad09-1147e2492725,1
4a232cd3-dc1f-41aa-9fe4-35a508c5c9e3,1
e75472d4-68f3-4134-b1e7-21bcc2fd3503,0
ce90239b-bfd3-4eb0-a58c-b59a0f5fc186,0
9984cca2-655b-447e-ba8b-5db6fe329120,1
05b2d8f5-5d59-4a1e-abfd-5b835264ae84,1
24bd0eb4-5e2a-4063-95df-0fbe60186aaf,0
e8af6da6-883b-4dc1-9971-3a286ec26654,0
9483d765-e1aa-43d5-8c0f-e0d4a9ea7fea,1
61653f13-a09f-43be-8423-dc7b6eacc86a,0
9c6e0740-b6f4-425d-b6e4-46d8d9d4866b,1
981e2fd3-be54-48d9-9d1b-948c32b92144,1
788009ba-b9db-4a09-a2f3-07cf2b1882e5,0
77bc4d89-aaf9-4760-a994-ff0f0fc380e5,0
728534db-f417-471f-a4b0-d9621ca55f68,0
17dce7f8-147d-499e-b7c2-7ddcebb5e0bc,1
7a9479e0-ce2b-4559-aa08-baa7ee92c60d,0
0acb8141-2912-4443-b9b5-f6337123a9fc,1
8d630ae5-bfd9-44b9-9f22-5bbac0924006,0
0c664837-ef88-4e28-a62f-6caf698dc67e,0
654e26a1-57c8-44cc-9d3b-bb9b32db9b7c,0
8d072e62-fe87-47cb-ac2b-d5c0974f3c6c,0
719c2347-696d-4c23-b7e3-d825403e6ba1,1
af37f263-be9c-4614-ada5-19bbef4d83f4,0
ea79ac68-0186-4c26-b024-aadf37b6400d,1
938ebc8f-46a7-42c9-972e-ef82ed2bc5aa,0
b06d4a12-243d-458f-89a1-a469e3a755e9,0
60b192c4-f29a-4669-89c8-21f0b1539d77,0
a0964d23-9c78-4180-9af2-88273c5790d0,0
6750de05-344f-4967-887f-a7ef392094e1,0
556bb051-43de-4602-9631-99ae3bb945b6,0
5d3f9ec3-7477-433b-8baf-1c8250f99caf,1
024cd19b-dd99-4a59-989f-222d20df87ad,0
a1045e56-b5d0-4775-9314-07321a070683,0
0f54a02d-3e34-4f1b-8775-9bfdbe2ef42f,0
da0983d7-6554-418e-be85-8d99ff22d911,1
9e230ad8-b6ec-4d89-adc4-74a353716e4e,0
b0f83a3f-40b4-4d15-8a8b-7dcfa040d15e,0
1f418a69-177d-4bd5-a413-76f8ce84c681,1
5cc20b96-f8d6-4ba8-9631-bdb62fe20bd5,1
efe2fddd-e5cf-4704-a4fd-c156cc01a243,0
a5b9815e-62ad-4320-93ce-603ab0fed426,0
13b56476-14df-42b9-a56a-ead86fdff0a4,0
61fa929e-d90a-45bb-ac36-45eee708a180,0
38a4e7a7-dae0-4f52-93b1-dd55476cf673,1
7f520863-51ce-448c-beec-e1754d1734b3,0
943c346e-3bf8-4084-850c-7adb472cc483,0
2b850c3e-bd98-4994-9ec5-05736581cd3d,0
0e0f55e6-b194-4623-a9e7-d99b2636b3f7,0
939a4dcf-86af-409f-9483-28f0f9d641d9,1
09235f15-82a6-492a-889a-dc896ee9888f,1
5e91b8cc-ec22-4272-aeaf-b57ac302c4b0,0
4bce2d75-9798-4fa3-add0-96d6e79703f3,0
b207170a-9e55-4b21-b275-216a613c591a,1
c9637d4c-0b6e-435f-baf6-bf5f0864ab48,0
c0b27822-b27c-4f2c-be24-651e96711ff1,0
7658b968-34d5-4cd0-9570-ead740b82b4b,0
f10640f6-bdeb-4099-ab61-385671c46438,1
fc7e94c4-eacd-4ad2-8948-8b2eef908f47,1
4cb8cf3d-bc20-450c-924a-1e71b754af62,0
9dfbdae2-a0ef-4365-b7f0-6f3f2ee032d6,0
18193ce4-b4db-4308-a8f7-dcbab23c7994,0
908fd095-b4da-4f35-8fd7-9f85ff23fc77,0
ea89298e-45fd-400f-bdfe-7c62e56c45c4,0
eded659e-61b5-4c5d-8a6d-18045022f430,0
21cdb1a2-ae3e-4008-a355-2103abf881c8,1
4b64e8e3-6145-433f-a6c8-e55f9c81c981,1
a6859d82-f32d-4ee4-b858-ea632f3f8e42,0
55bc3439-13eb-4f4d-9646-f12b7da20c77,0
33abca89-dc92-4ed2-8867-1991ec36e7f6,0
01c73de8-beec-4d3c-8c92-590c5ddda657,0
8ee933b8-6713-47e2-98c0-6b3be1e37354,0
657279d4-6f2c-4813-9a1c-1da664d8dbd2,0
f4bf0da3-c337-4cfe-afe3-4497b127eacd,0
6bdb7315-5950-469f-a4a6-bc9dee0513d6,1
870aef05-f0a7-4bb3-bcc8-f3f75330f7bd,0
277bf09a-c4b3-4939-9e86-c2301933fc54,0
e5cfe35a-8e3c-457d-9a9c-4d060af13c30,1
73f80887-f2fb-40b7-a3e2-0c6b8572b803,0
567d27e4-08a5-4126-9531-090783489686,0
069dab04-794f-4c4c-b6be-6039e4fcb8ab,1
a352d077-fcc1-418c-adb4-9050433d2da4,0
302e8de0-0ee1-4de8-9349-91c3b9dd37ea,0
5fcb03ad-b4b2-43f4-b621-6d3bcb6c6d01,0
a5251a6c-bfbb-4256-a355-21d21a1be237,0
224eae0f-ec81-456f-b80e-f6ebbbae89ff,0
284f227a-4a53-4dad-837f-52e47586f44b,0
721b84ee-f78e-4bed-8dda-dc9a1ec1498e,1
eae819a5-46e2-496f-a81a-4fc7819aa2d7,0
36b781ee-896d-4805-a26c-30e198b971de,0
1c120bbd-4bad-4b64-9e87-0edb35907c26,0
3d0cf2fb-aa89-4d4d-8d74-aeccd33d31df,0
0ed1f23b-e94f-4b01-9f05-dd4457ded13a,1
05a31b25-0725-4bfe-935c-3ba4d60f6e15,0
c9586290-a571-43c8-9664-7cc9e0232026,1
45988528-2f6f-4d65-92b9-77835d609d4e,1
5f3d4111-aeeb-4329-b8ca-05d46b839d2e,0
1e3865e1-8767-4b27-9b80-854cc8164b9e,0
022da2cc-12a9-4f11-851a-720754a1a253,0
15d2486d-0bf6-4840-b65e-81a1597b866b,0
96874791-7d60-434c-a7ad-3f0aae02f015,0
bee67989-8edb-48d0-9bf8-4900cdfdd6ed,1
f1f80283-a619-478f-98ab-21aae2984769,0
87fb12ba-97ab-4bf4-8b74-bcb6c4371c91,1
cf58b323-79a2-45a5-9002-e3de4c00c52c,0
e2a817d8-fb3f-43ec-8b7e-242edc9ebf82,0
8e572b0b-bd82-48e8-a7fc-3601138f546e,0
257339c4-6b8d-4294-abf7-cd12d285129f,0
34801e05-eada-45eb-a13c-420f8381b07f,0
fdb41d56-c711-4ca8-8351-1a626128dd71,0
363fd2bd-7ed5-42ee-9089-d2436b936538,0
ab7718d9-c46e-4c80-93b8-9eaf5a07138d,0
ff128893-a974-4161-a37a-e86440bf7467,0
eb547c78-4c87-406f-830f-d079717a7936,0
f55c7ace-1274-4769-9231-26becad6b237,1
ef8c571f-1ba0-4de1-bb40-f052d9fb0aff,0
d1adebf2-4387-4046-a7cd-e4fa680593ee,0
10bf5b7f-0f7b-4c2c-badb-5b12cd44965f,0
985913d6-7d16-4d17-9936-595dcc91ac51,0
3684b6fb-faa2-4d6e-89ec-630c5c0fa395,0
806c5c81-5988-4ed9-b741-5616bc3229f6,0
68350df8-f7b2-49d1-ab18-d2f79ca41385,1
9c8cbdc6-2d7a-4b75-b58c-e3c3e64df69b,0
b630852f-8752-4e84-b2e9-ac50699e5fe7,1
6c69de1d-4ac1-4a98-b2ef-474e79129b64,0
d3b1d7d9-2de1-4e97-9807-a5248318a666,0
bc57bc13-2caa-4d43-ba33-a45fde7d2f19,1
04188d0e-d738-4233-9aae-a75a7399f9f3,1
8f27a388-cbd8-4ad4-a898-317a3ae58cdf,0
083a3c85-a29c-4a82-ba7a-6413e174dd7c,0
7bf207be-58c3-4c5b-8116-00ed76363574,0
0a84d544-93a5-494a-bb52-f3c7012e01e1,0
82bc4215-1c08-4109-a065-5141cb677489,0
a2f17251-ff8e-4786-8852-b1226e4b49a6,0
bef169b2-3d58-4136-aefd-215198e67d74,0
6fbbfec6-646f-4207-942b-2b5b419a4bb2,0
7ca9ee72-5b32-434b-b8ba-270c26c3ce39,0
8c175a63-3cea-4f2e-9229-bf34ab003f49,0
7290f11c-7046-40c7-be4d-888999875ecd,0
d58495d8-686d-4881-a69d-dc9231aa4dfd,1
7671e05c-0399-494d-970f-cc355c44f38a,0
9f3edd53-34e6-4066-b332-b16374f7aad4,1
7168494e-29ac-4c3e-9127-d56dd0fc2cc0,0
a5e85d12-c14b-4c43-acc4-2ca1126d3b2a,0
318d3a54-b077-4735-a3a2-e4c06366a5a7,0
a6bf9bf7-e676-458b-9db2-5bc1e0db96e9,0
29e66da9-fa00-4ecb-a6a3-35e843529475,0
b5a4115a-ddbb-45e8-8075-bd8bbe8706db,0
4d7cd07d-bd53-4551-bf12-0147214e05c4,0
631fc2c1-71f6-4098-93bb-ac4d4261ffb0,1
ceb73102-b733-4fdf-b6f9-b0731b0edc8a,0
d7216985-83af-4a29-a230-cb1c96cbce78,0
a1d8a51c-528e-4677-8abd-b61a87977d49,0
bf086fcd-1ade-4c91-90e4-6a97975f0721,0
124c1c11-3636-4de7-a2f7-cf4d249d855a,0
601037cd-4df5-412b-aa9d-4d4e6d956abe,1
500e8af7-375e-4352-8155-8c38be661983,1
d19cdd86-326f-4743-a97d-c6ec8137c73a,0
851aa365-d5b7-4dce-9d6c-aea0f3f2d75e,0
e9e41d57-7da7-4574-992b-e5385e97e64b,0
33b3bd56-f27c-4418-a21a-ef438bb52672,0
43213061-3239-4bc0-bd89-e5b944194681,0
831e475f-16b4-4df4-b73a-3aa97857b9d5,1
fd3a85b2-da81-4303-9dd6-9e4b406c3aea,0
ea8bf6ea-241d-45c8-b363-6c9faa7cda5a,1
50e57e59-2de8-48c8-aef9-c49232414c74,0
cc03f2b9-0089-48cf-98a2-2510ba22ed58,0
509dde9b-a7b0-49c9-89a0-850f114c19d0,0
7af334fb-0ff6-4cf6-8488-bcb5ca49c822,0
8c41e14e-a425-451b-8d6e-adcb835abe92,0
ce1bfce7-fab9-4d64-bb0a-2727e06efedd,0
de37132e-804d-47b1-8f2e-fd58081b9de3,1
2cb1c7df-a792-410a-aeb8-46608ee9fd4f,0
8ecc0b1e-46bb-444b-ab9d-21ad9c59aa8e,1
e1e558c8-2f4a-4622-b59e-cc86fb6452a7,0
b04d989b-b58a-44d5-9c0b-49cbda472311,0
77586b8e-d2b9-4b9d-80a6-86641414eb89,0
6d4f9a41-f17a-4273-af49-dc85623f6c74,1
bbb8e81f-d427-4ca7-a224-08cddc30dbde,0
12c15a4e-980e-4e16-b7c0-db353bff928b,0
0c6e7cd3-ce39-40bb-a0e0-92136d491cbf,1
c1ebf999-5a73-4a97-8694-b301f8b9436d,0
11b32ebd-a894-442c-b3fa-218ccd4190be,0
c77277a3-6f7f-4ccf-bcae-abe5edbc8b23,1
c70c38b6-ed9e-4f0d-bf31-908cb4fb2ead,1
5c003236-6ef5-4a2c-a43c-cb422ea89145,0
e704ce31-4db5-4875-8e86-a3b5dd070ad4,0
3011354d-83f9-49a7-92dc-9f65a6b14c9f,0
7b400d37-23b3-41c9-8106-677b264755f9,0
5eda7b3a-5833-4277-b5f2-62d9c28116f4,0
60487e26-3c8b-491a-b43c-bd7dcfa2ccaa,0
9b50c276-d295-42af-bbdb-b965c23c1bca,0
734612d8-e226-452c-8499-7909888f7ad3,1
900aa4bc-25e7-4893-9e71-6570d64de087,1
df253db4-75ed-46a1-a9ba-d37562ff3b24,1
a552a08b-a3c8-4e0f-a294-e8980e3c26a6,0
87f22846-3b57-4be2-9806-ab37b883e784,0
fc45b1bd-272c-4204-bfbc-baf5df50ec16,1
2548b819-ea5b-47b7-aa06-79f707b71bd8,1
5d13fd8b-1745-4299-81f0-eda4688676c2,0
9d9da8ba-a207-4d1b-9641-9fdc8e7a8bdf,1
6938f629-4f68-4abf-bdc1-41d585c0aed8,0
39fcb147-737e-4ecc-a8d3-180d023f18c2,1
2dd2bbd7-b234-4881-a513-45dabf091e5c,1
b0055bf3-3b0a-44ee-ac53-400c66c8e609,1
e8f92f19-7ffb-431b-836a-81977e678895,1
9b0c2d30-a8b9-4055-bba8-e70e938cc3ca,0
dfcd13e2-af47-40cd-a4ea-47d582dc4ea1,0
5f54079c-a1d1-406c-9113-70b7ac60d3a2,0
0a9ca14b-7ebf-44ea-a9f4-baa8919e041e,0
eb45d476-99a8-4b27-8065-af457a20bf38,0
fae27280-b3b9-4837-9888-2e8435d58991,1
b6069090-a62f-4d6a-b54c-0acac17f1209,0
2288c4bb-e681-4b1c-ae34-77542a4e7d7f,0
2a90b4a4-619b-488f-81f0-8e3821db00f6,1
97b872ac-d510-4127-91ea-abcdc2d3a0b0,1
821cc1d8-2820-4042-8f33-11515bd19dac,0
004ec8f7-3526-419e-8722-297cf977bba9,0
51a0279e-f538-496e-86b3-580abf763064,0
8af9553c-d37e-445a-9581-4c4980d1ac32,0
f20b7de0-abbf-45c4-a737-970d0883fca4,0
3bc71124-756e-4d62-bfee-22a97aeedda5,1
15719e68-4d5e-4a00-be34-175eb0cab202,1
1cbc3640-db4d-489d-870e-f8c4bc59a0ab,1
2e6337c8-7818-4ec9-8380-8b2d85f5187d,0
2f3344f3-27c2-44e0-8709-cf443cb86a25,1
d3367486-7caf-42d8-9fc8-98a404d8d46d,1
8aa072f9-caf0-4a19-9b88-aafc44d63e3c,0
d547f138-6d93-4274-af6a-c141cb6cd609,1
3ba23146-3d44-42e9-b21e-fc8298ce1054,1
4ef86284-ea17-4c26-a01d-dcfaaef0c1e2,0
49a4cf98-1b94-48f1-96d1-3debf98356d0,0
dcf11ff8-994f-4c4e-9983-cf1bbf5099c1,0
8254f1c9-11b7-415a-8d38-44ffa7a5d8b1,1
a2adeaae-7ad6-4b64-a9fc-b3f919efddc6,0
2f51d528-c91f-472b-a043-64d277d916d9,1
c22e3800-13ef-465f-aae0-3dd8b6d681a2,0
710e847e-c056-4537-9709-194c5f456042,0
40ad6f2b-aa17-4a3f-8c55-bee2915617e5,1
105c71e7-b2c2-4423-8f1c-fb5a380b12bf,0
9c6c73fc-3eaf-4e2d-955f-28df001b0143,0
391853ef-2de7-4008-a714-aa0228e5a1af,0
22de2440-d5e3-4b47-8517-33108f2274e8,0
ad8ec260-39fa-478d-bad1-38ef795cee2e,0
b427bfb8-8597-4a93-b708-c1563b18121a,0
bfb4460d-8fd5-435e-9de0-5bf06f85469f,0
905cbb25-7ff9-43dd-b298-c1b6f899fe74,0
826a1d0a-b62b-4617-97c7-8d65839ea2e9,0
a07d70b0-5bdc-4f94-97db-ce4776109bcd,0
2246f0d4-00c3-4f69-8595-dd5de88a0851,1
24330c92-a1b9-430b-9e6b-09910210a6da,0
4aa667e5-9f83-424a-8bfa-23b822452b28,0
64990fbc-51ec-48a9-9899-a40c835d2045,0
c90968ec-defb-49ee-b894-9998700326ba,0
1bf4923a-a0fc-4ead-b302-62141a83aa73,1
06cf3b96-22e3-44dc-bc6e-60b7c76d182c,1
ac8e5f39-285a-4cb5-a319-8aae9b478f56,1
335d3b2e-9ef4-4a30-ad62-4ac2a9bf6f54,0
d5c3c0b3-f623-455a-87b5-8e35dabc7ac9,0
e6d536f4-a560-4f3a-907d-fd4b60e943e0,0
d629b1ea-110b-44ed-ad10-819362a01a0c,1
df0913b9-86a3-45d1-a44a-a3534b5eb0f7,0
9a134c17-dde9-476f-9596-3a67aa00d958,1
0a87eb85-0a23-44c7-8532-d5f00787f3bc,0
ce3d9e2b-28b0-499c-8361-a423a3842cf8,0
33aa05ef-2beb-4aef-986b-6d377e2cc196,0
c38d09c3-7b10-4b72-8a17-3dd0e1d37d28,1
c023480f-6cab-49ed-ad16-3639daaf9da9,1
e8a86e86-1095-44be-b92d-d88e1159d9b9,0
e794209c-484e-4ec3-8d88-d80e323b79d3,0
87edbff9-8917-4a05-ab39-fe8ad1852a98,0
8474fb4c-2fe1-47e4-b535-8987c0d8f32b,0
1c872cea-007f-4246-b32e-5a7423a019c4,1
f404ff69-7dc5-4194-8838-cbb1d8f3edb2,1
a6207d9b-734e-47b6-8f8f-11fae4318d20,0
52bd0dc1-8655-44fb-bd3b-62bb6d474251,0
1f6207e3-4035-4c73-8b8e-7d2841762fa1,1
cf1cef98-0178-4688-82bd-c487b37cb261,1
411fdda5-6576-4fa7-8f11-d0695f104fc3,0
47bf7a53-1c48-4e2c-9470-5b54f2ecdbac,0
3d11eee7-f2fb-4dac-b7df-c70451dbe3b2,0
bc0581cc-d9d1-4be1-89e8-704a6b124529,0
45df9693-5ade-4dbf-aec0-2ac26bf37c1f,0
9c6ad291-f511-4669-b64d-c808f6d65da7,0
b6b0e723-be9f-4df6-ab05-76b11901c241,0
10568038-e4dd-4a8b-b589-88794853cdce,0
71b215b9-19e3-43fa-bf7f-d2749afa59f6,0
8f588bd0-a4ed-4555-99a5-603903ceec91,0
05e4a00a-97fb-4b76-a664-3b7abcf69e50,0
3c5e9fdf-5a42-4e3c-95d8-1b04ce93b71e,1
9eb00502-b0c6-4fa3-848d-23976c009fb3,1
d32b8010-1a03-4161-b254-ac4b84a38240,0
09ac0551-08b5-4600-b58d-2d190e81969e,1
a5c84f3f-9651-4892-a0cf-f73382db85a8,0
a681207c-87a4-43af-85f4-8bc0cd4dd1d6,1
2e616998-13fd-407f-96dc-0fa8db701c54,1
45205118-ee0d-4637-87cd-75a8cc6f824b,0
fc7795f0-f456-4c90-8884-934bb9c8d121,1
5361ccb1-40f2-4324-9d63-54fe53ccbcf5,1
9ffef7cc-55e9-4e1c-959a-ab0d1236fb1e,0
2dcabf5a-f968-4186-8ffa-b54ab59f6b8d,0
095eb15f-f962-4e4d-8bb3-b4a59921a6b0,0
056c7db7-e8b4-40dd-8420-ef23d65a03b8,0
d21200de-82af-4822-b964-cd5385a8c9c1,1
722e7fb1-b607-4a25-b461-aac2b99e5a52,0
3a29362a-d5ee-458c-9007-0c5f9a12eb44,0
aee9b441-5a8f-4bcc-9271-c492372eec67,0
0bbee151-52d7-4509-8090-b9b61c98ff40,0
aee3a9cf-850f-49d7-a149-f42812672372,0
e33d5aa4-d28b-4215-b7db-b9ee540b275d,0
24959cd9-22bb-488d-960d-a1324c803b92,1
ec5f6fe0-2804-4353-82ee-9b09174c8d3b,1
9cd58c94-360a-4627-ab7f-80afb09ff6f2,0
68b56618-fac3-4cc0-89e5-18e2a72c7cd6,0
5c5a152e-d08f-4b77-b539-6f875669b844,0
dd0b0849-0957-458f-8a6b-9a6efc08d355,0
95b83672-3323-40af-8575-42876a2813ba,0
72596482-0516-45f3-827c-e689d6acaf90,0
92f8d1dc-7811-4f4c-82b4-15d3bf92cc7d,1
ca5c6e22-da5a-460a-95b1-30fd74859785,0
1839bd6b-d61e-4815-834d-55114684145d,1
1152cfb1-4ea3-4e71-a91e-2855b4ee81c0,0
66b0cc0c-b4e4-44df-be79-384814ed0418,0
acf7a115-8a0d-4598-bf5c-8b494478ada7,0
368dbfee-846c-4243-bf31-11a454bf3de2,0
1f2b902c-3b42-4b78-9adc-8d6faa365c4d,0
b54cd546-ba53-4eb4-b434-d180121f4da2,0
e838b369-b3c1-43cc-8183-80fb939e0513,0
ee762730-daa9-4446-8e73-d61cd9dac072,0
ac0acc28-3d72-4ef6-aafe-36ca2b1454af,0
d588fd5a-5d12-45e0-a42e-a9750356f68d,0
e3006099-dab3-4b79-96b0-060ad50522ce,0
268c23e1-318f-4d08-b6d3-422c11fc712f,0
d758bb88-456d-4368-91fa-ecdfc7154acf,1
fbebd8ce-7a68-49f5-94ef-3beed726120b,0
41419374-5597-4ae1-8f2c-44f15eac3491,1
acf1e701-a72c-45bf-bd28-e9b11850a8fe,0
62fb5257-696b-4354-b292-927bb1659714,1
fa607b64-2e1d-423c-820f-c9b1c15a910a,0
8102b9df-8c98-4e2d-9806-c2c6015fbb67,0
a8446de1-1d5e-432f-b8b1-8c387a91c305,0
6350faf6-9ccd-46f2-b939-4c335ba0e9c1,0
da68a4fb-fc0d-4387-bcb6-37c59c355959,0
5caa73e6-39cc-481c-bb99-31d059a8f11d,0
b2d81088-066e-45b2-b1b9-4fc9c09bc6d0,0
e508ef83-0ca2-4720-b25c-22961ff6ac45,0
7bc416f5-d2f2-4926-b755-a1f76fa7345c,0
5622ffdd-83b0-44a8-827b-a04a1925d552,1
9d18cfe1-de14-49b2-8f0c-f89f226b11fe,0
2679c80d-a1a9-4a64-8127-eebf8b1d4d5a,0
d0a33685-5be4-4fdd-b874-8f3490c01e72,0
d0af5568-83c1-4987-a5cc-3a67fc215ca4,0
a4cdcf8c-3c37-4aee-9590-d68a1a0319aa,0
c07ba8be-7e22-4502-b5d2-e2cb7fcad3d6,0
d04b250c-faad-454f-a58f-8aec8fc19396,0
7b38d590-6431-419d-ab98-03311c7af299,0
9004b8a9-c84a-4e62-bf44-37ec9bdcb7b6,0
6db2227f-7a1c-482d-8c49-32e0d012226d,0
607041b6-c816-405d-beda-bd0fd3d9974b,0
2eff54d0-2fa5-48c8-8b8e-a35426d393cb,0
eab58b37-018f-4500-ac5e-7c5433c7ab1a,0
43d85718-2e71-46a5-9f80-5495feacc8a6,0
cc32284f-8366-4880-aff6-160448a1e623,0
be002397-3151-47fe-83c2-6620433e2bfe,1
8a495447-10df-4b1d-899c-46bee48611f7,1
07645482-ac13-46e4-8aa2-59f2c15d53dd,1
37bde5e2-b469-45d1-9bb4-3cc828dc5ee8,0
b409b5e3-4f3a-426b-b863-fa137bc56433,0
8e2f9981-1bb1-4877-b765-3b992cee3d40,0
49b4783d-5c68-4157-8f84-2b6c9c102728,0
fd73291a-2216-4b85-8e95-7c76d014e3ec,0
f76c56a6-d1cd-4b30-8c6d-9564a5918fa4,1
0d7bf94a-4cf1-49e8-a6fc-d9e093ac09e0,0
3c90d0f3-d8ae-4f10-b644-d6d1330e053d,0
651eb388-4d1a-4c29-8747-3768560d706a,0
2c5e3ee7-ed78-46f8-8d54-c051ee3b15a4,0
6ac24eb5-f43b-4a59-88e2-c229d500261c,0
a7772c03-bb5a-4921-8c00-ec54a917cc32,0
eedd4d7f-5c2f-4adf-9d4e-7d9b7592a415,0
4bb17f37-9514-421f-b5e4-2c89d27c5ab8,1
e4917a19-8794-4cdd-8089-0825f0309698,1
995d1aaf-7c6f-4c8d-b0b0-755ffdc729dd,0
ce0ca24c-6812-452e-8706-0aefaf887f2d,0
13e49b49-1a17-40c9-a117-1b64a3f59aa1,0
2d0aded9-e7bc-4f05-b32f-eb33feba82fd,0
f9051370-ee64-47a2-be06-e6db6a3b60f4,1
44f2912b-ed14-4ff6-8d94-66576201ff27,0
69a21744-aecb-4254-a446-79f807bfa4d1,0
90c30be7-ce77-49a6-be48-f1ab845ce338,0
8f174239-b924-46b8-9ba8-06613b6b353e,0
c5b20595-86a5-4a3f-a677-88bb2530f664,0
5981562d-3822-4885-b624-2540d2dd0699,0
e384959c-f5f0-46ec-b544-12422795a2b8,0
13a34f95-79c8-4ee9-81ce-72264495fb6d,0
54783b5d-a683-42e3-845e-94358626b326,0
8887785a-d32b-4616-a577-fecafa686354,0
2f3e2c5a-7503-4fe0-a37c-d9225495ddb1,0
30a558e6-1878-4b76-82e3-662278e39ec6,0
02f23454-12dd-4fe5-bace-c5dda660059a,0
ff0553ae-3571-457c-9fac-676f29d6e329,1
4ae7302b-90e7-4dca-a09b-1a78b22dc231,0
1fada2d6-b6d9-478f-b2b2-9b2ec97cc19b,1
689f32aa-e75a-4f8e-bf54-aeb0fab28b1c,1
c0d74617-cdfa-486a-aad4-014c0b8a7324,0
b18c564a-87fc-454f-81c1-a4ef563c3131,0
b5c6f50d-5298-4964-8253-579c6b423366,1
accbaaef-26a3-4c16-91e4-cda17f3f7f46,0
14439e30-f865-4e35-a5a7-5de2f5df6adf,1
edb56883-2666-4566-9659-a838b0e894e9,1
7ec41c0e-7fe4-4881-8f05-70ff563ba8bb,0
9eca54e0-7d32-49a9-9523-edecdfd4db00,0
14fa8f39-037b-41ca-a487-b4419301f9bf,0
15ddf157-6ebf-4667-9ddb-eb4abb5aa818,0
7b5ae1ab-8ca7-4690-a13a-736227e2eb6a,0
ed8754a1-7f5b-4c3e-ade0-9ceb8a2b700a,1
c39c66ad-41d8-4c92-b8e3-800aca2b89c7,0
18614268-8775-41f4-9ba8-e9f30c66cc44,1
2a9b7bfa-8584-48bc-80fd-b9debf70b50f,0
fccf5d40-6c0a-4a82-979f-069b27827bfe,0
54167a62-1b32-4cd1-bc6a-505845cf279d,0
d34dea50-89b5-4dfd-bc13-4a156ef052d2,0
8c035548-6421-404b-a652-68c4b506fce0,0
7f475800-30e8-4914-bf6c-08f9d3d76e83,1
cb981a9f-9b2c-4d2b-b439-41d7a370874b,1
f27f7023-0d85-4555-bf98-b2e2ebc1e311,0
e85279c7-9ca1-4dcd-97c9-4886e871322c,1
79f90631-58f4-4307-abfb-c55b6d8de223,0
0029e7cb-faad-4162-bc47-679dfd4a53cc,1
fd062fd5-86d9-480a-bb3d-73ccab58272e,0
f44ccef2-da90-434e-8cec-432eff2d0f34,0
2beecafa-1d29-4ec5-bfac-ef6b363162a1,0
52844d67-ffcf-44b9-a9fa-adda3cfb0d0d,0
45ce5938-a9b5-4d8a-bd60-7973e38a1ba9,0
9a0c3eaf-b3c2-41ae-8f2a-fed10f0f7aed,0
86decbb5-a5be-4817-a930-da8d31778b02,0
3a4325b9-b713-41e4-bd6f-e26c4c48d235,0
7517c114-e9aa-4f2f-a01c-3cc41bd40525,0
7b96b507-b2e1-462d-8b2a-1b3d5dbed034,0
1d80ed01-6014-4091-897b-0f53a3485471,0
95559338-0135-4b1a-9b2a-126d6aa9f8a1,0
adbd91ff-ac95-4c97-af18-0b0a48d682ca,0
9fa03a5e-b80c-458f-83f3-a78021b11cae,0
11759e1c-caa2-4e37-a179-0fe81838a059,0
996658d2-e7f9-4b43-9e11-76022d19680f,0
625bbe8c-62b8-4ee5-a3e8-8978c5e908ec,1
d2b4e846-4efc-4aa3-8fbf-df9c322a6340,0
6d45b05f-ddf0-473e-8041-23a393f46961,0
e5cc8eda-d8d6-4047-b2b1-cba8066f8f32,0
f45a84cb-83b4-4eb3-8052-1564aba6346f,0
4e13cf8f-93ce-486c-a5e4-2b11ddafed99,1
be57cefd-d9ef-4644-b126-675620829285,0
64b70b90-d67a-4119-a7c7-7a179803c610,0
2cf88075-19bc-4735-954d-dd71a40b8eac,0
d7da54b2-1db6-4bb7-9a43-a5f6c2262562,0
987c5159-0a07-4790-a719-fcfa49f81b32,0
d7353b59-dc1d-4fcd-81a9-35f3247f3893,0
c2c93668-a40d-46d6-8f21-0be332b4249b,0
74158a4b-9065-4e39-b6a4-1351966f5616,0
f84152db-1340-40fe-898a-b542d46a0ea2,1
b3067b6b-d3ad-49dd-a4bf-d9132a0d2323,0
ff277ad7-f22f-4370-9f11-5f3bd15e5e3c,0
d1a4d571-ea90-4505-8e89-3361e1f276f4,0
15ae2b7c-e413-48f8-bb11-030d39a4a1bd,0
c72bec76-b620-447e-bb33-1da45e6c3e6c,1
c5eadb5e-c249-4edc-8725-880a5aadd3ca,1
578ebcac-548e-4a80-803b-837b884a89f9,1
6ddbf54b-03b6-4877-b703-560c45c26e62,0
0aedbd0e-7253-42ea-93b5-46b622d19a4e,0
266a35a4-bcd2-4be5-8b92-b471bb0852c1,0
fd39d3d0-e2b3-4207-a43b-4507aea237fc,0
fc936328-119e-4889-87ed-1729f5167448,0
4eaf6c53-eb91-4dc9-9a1c-59d722bc1462,1
7c85651a-3aac-4b25-a4e3-d01998aa7918,0
18c69760-3570-42b5-9448-96ed971edfa9,0
b2486387-125e-4342-841e-00085277b0af,0
c77ae672-3998-463d-86ca-2f5253554ce6,0
d2fc569e-3486-4482-ac22-e8c0d48d02bb,0
862bddbe-246e-45d7-8195-ef41407c08bc,0
8dffc1e1-add6-4b1b-82d5-fc5f05348bac,0
ea2ada4b-61a6-4529-9f78-5e35e7eee6e4,1
87f25ac1-0bff-4909-9726-9418f14e0a96,1
ac1c3d5f-a48c-4854-9efe-1db9f0533cb1,0
4b136963-1b7d-4e88-a371-711bba304db1,0
6258d3e0-5e68-4a29-a9b4-8248d4dac9ae,0
c6ba8212-34b7-4f0c-91a3-a971c08c4f8b,1
0576befa-943b-4854-b4ff-c8d1aa4d85aa,0
3122bb4a-7165-413d-91d8-64df3e42b879,1
17797f33-0fc4-47f4-aa3b-c4ee805f10c6,0
7040f88b-1627-40ef-a812-ed17992afe3f,0
21f402ff-91b3-4838-95b8-224f14e8cd2b,0
f5678823-a664-4f5a-8b02-6717cfc78d9d,0
6f960c6c-b48b-48f4-a8af-1fc38f977e1a,1
e4924dc8-6c54-448b-af2f-fb3e22cb3cf9,0
d7cc2345-d1b0-48cc-9a2a-87823a9a4753,0
250514f5-ebc8-4d88-85dd-9dd78bca7228,0
08880dd4-4f18-46ae-a5e4-9f8a12e28656,0
0433ac9c-2b59-4da9-8e72-8c41a2299139,0
26ea53bc-0c79-4e2f-a244-f4975e2fe23b,0
101b6e9a-0d78-40d9-93c6-2f08dc618363,0
2eb7e95d-a722-438c-8b3c-f9d2e7f4cb99,0
7ad69104-d03d-4b4f-bc65-e69317d532f0,0
0e7f7787-5eb2-4ced-b66e-72ec054a3350,1
5925859d-8c02-4213-a0b3-1a1231a09282,0
6a92d09e-ebbd-49fb-bc83-f0c130d81adb,0
a230f6a3-a051-4e1b-a4fb-c032bfac4a84,1
9a9a526b-c011-484e-8943-f6e1944405b5,0
7ff698bd-3d3d-448c-9440-ec7944d6a5c3,0
c258063b-c350-492c-8e39-a5695cec3df0,1
f0127db9-809b-40ff-a265-d53e35fbc3f1,1
ecfb2568-b741-4d67-b6e5-eda0fd24a2aa,0
f585b600-175d-4709-a00a-5e608be22d93,0
caa40a00-e396-4d0b-9893-4b51a7a8d205,0
f690990e-1d3a-48e7-92de-6bb7769e1f9a,1
2f06f8a6-64d1-411f-8482-b69e61c94c82,1
560fa73e-6644-44c5-af11-335c552e124e,1
